BEGIN TRANSACTION
WHILE 1=1
BEGIN
  IF NOT EXISTS(SELECT SCRIPT_ID FROM S_CLIENT_SCRIPT WHERE SCRIPT_ID ='61fc8edb-1163-4559-8f08-33fc42e97db4')
  BEGIN
      PRINT 'S_CLIENT_SCRIPT [61fc8edb-1163-4559-8f08-33fc42e97db4] is missing from target database'
      ROLLBACK
      BREAK
  END
  IF NOT EXISTS(SELECT SCRIPT_ID FROM S_CLIENT_SCRIPT WHERE SCRIPT_ID ='0ed0c9e7-0c8a-416c-8fd0-14c3fabe7325')
  BEGIN
      PRINT 'S_CLIENT_SCRIPT [0ed0c9e7-0c8a-416c-8fd0-14c3fabe7325] is missing from target database'
      ROLLBACK
      BREAK
  END
  IF NOT EXISTS(SELECT SCRIPT_ID FROM S_CLIENT_SCRIPT WHERE SCRIPT_ID ='e51a2a14-ece2-4fcf-957e-c283421e0d04')
  BEGIN
      PRINT 'S_CLIENT_SCRIPT [e51a2a14-ece2-4fcf-957e-c283421e0d04] is missing from target database'
      ROLLBACK
      BREAK
  END
  IF NOT EXISTS(SELECT SCRIPT_ID FROM S_CLIENT_SCRIPT WHERE SCRIPT_ID ='c2f01b58-4523-4b44-b317-f68dfbdbd9fb')
  BEGIN
      PRINT 'S_CLIENT_SCRIPT [c2f01b58-4523-4b44-b317-f68dfbdbd9fb] is missing from target database'
      ROLLBACK
      BREAK
  END
  IF NOT EXISTS(SELECT SCRIPT_ID FROM S_CLIENT_SCRIPT WHERE SCRIPT_ID ='11f35196-b107-40d4-a49c-26ce5e30500e')
  BEGIN
      PRINT 'S_CLIENT_SCRIPT [11f35196-b107-40d4-a49c-26ce5e30500e] is missing from target database'
      ROLLBACK
      BREAK
  END
  IF NOT EXISTS(SELECT SCRIPT_ID FROM S_CLIENT_SCRIPT WHERE SCRIPT_ID ='530441a9-945f-4c66-b3a9-026cd05bab5d')
  BEGIN
      PRINT 'S_CLIENT_SCRIPT [530441a9-945f-4c66-b3a9-026cd05bab5d] is missing from target database'
      ROLLBACK
      BREAK
  END
  IF NOT EXISTS(SELECT SCRIPT_ID FROM S_CLIENT_SCRIPT WHERE SCRIPT_ID ='5e6237f3-0a9b-4353-a320-039cbc5b9dfa')
  BEGIN
      PRINT 'S_CLIENT_SCRIPT [5e6237f3-0a9b-4353-a320-039cbc5b9dfa] is missing from target database'
      ROLLBACK
      BREAK
  END
  IF NOT EXISTS(SELECT SCRIPT_ID FROM S_CLIENT_SCRIPT WHERE SCRIPT_ID ='c03208ba-143f-4a08-b946-0ecd1fdbd7da')
  BEGIN
      PRINT 'S_CLIENT_SCRIPT [c03208ba-143f-4a08-b946-0ecd1fdbd7da] is missing from target database'
      ROLLBACK
      BREAK
  END
  IF NOT EXISTS(SELECT SCRIPT_ID FROM S_CLIENT_SCRIPT WHERE SCRIPT_ID ='e21053bd-0f3f-4029-8596-0ff07ffc0450')
  BEGIN
      PRINT 'S_CLIENT_SCRIPT [e21053bd-0f3f-4029-8596-0ff07ffc0450] is missing from target database'
      ROLLBACK
      BREAK
  END
  IF NOT EXISTS(SELECT SCRIPT_ID FROM S_CLIENT_SCRIPT WHERE SCRIPT_ID ='887f0b16-c62b-4e02-a1a8-24ee7347273c')
  BEGIN
      PRINT 'S_CLIENT_SCRIPT [887f0b16-c62b-4e02-a1a8-24ee7347273c] is missing from target database'
      ROLLBACK
      BREAK
  END
  IF NOT EXISTS(SELECT SCRIPT_ID FROM S_CLIENT_SCRIPT WHERE SCRIPT_ID ='61a7ab44-7d5e-4eef-95b0-2916417f11e1')
  BEGIN
      PRINT 'S_CLIENT_SCRIPT [61a7ab44-7d5e-4eef-95b0-2916417f11e1] is missing from target database'
      ROLLBACK
      BREAK
  END
  IF NOT EXISTS(SELECT SCRIPT_ID FROM S_CLIENT_SCRIPT WHERE SCRIPT_ID ='87fbd8b8-184a-413f-a4d4-2e345b572880')
  BEGIN
      PRINT 'S_CLIENT_SCRIPT [87fbd8b8-184a-413f-a4d4-2e345b572880] is missing from target database'
      ROLLBACK
      BREAK
  END
  IF NOT EXISTS(SELECT SCRIPT_ID FROM S_CLIENT_SCRIPT WHERE SCRIPT_ID ='3cfcfafc-19de-4e56-9942-48c354c486b6')
  BEGIN
      PRINT 'S_CLIENT_SCRIPT [3cfcfafc-19de-4e56-9942-48c354c486b6] is missing from target database'
      ROLLBACK
      BREAK
  END
  IF NOT EXISTS(SELECT SCRIPT_ID FROM S_CLIENT_SCRIPT WHERE SCRIPT_ID ='28a845ee-a369-4e96-b1d4-4b0ad659cb86')
  BEGIN
      PRINT 'S_CLIENT_SCRIPT [28a845ee-a369-4e96-b1d4-4b0ad659cb86] is missing from target database'
      ROLLBACK
      BREAK
  END
  IF NOT EXISTS(SELECT SCRIPT_ID FROM S_CLIENT_SCRIPT WHERE SCRIPT_ID ='739e9c44-84f3-4ba3-ab1a-4e4b4d4f3de7')
  BEGIN
      PRINT 'S_CLIENT_SCRIPT [739e9c44-84f3-4ba3-ab1a-4e4b4d4f3de7] is missing from target database'
      ROLLBACK
      BREAK
  END
  IF NOT EXISTS(SELECT SCRIPT_ID FROM S_CLIENT_SCRIPT WHERE SCRIPT_ID ='a4f4c1e9-8b33-455a-b9c5-4fa2c8513a87')
  BEGIN
      PRINT 'S_CLIENT_SCRIPT [a4f4c1e9-8b33-455a-b9c5-4fa2c8513a87] is missing from target database'
      ROLLBACK
      BREAK
  END
  IF NOT EXISTS(SELECT SCRIPT_ID FROM S_CLIENT_SCRIPT WHERE SCRIPT_ID ='c4cba7d7-e7f2-4c64-bb12-5bf0e9a5aa39')
  BEGIN
      PRINT 'S_CLIENT_SCRIPT [c4cba7d7-e7f2-4c64-bb12-5bf0e9a5aa39] is missing from target database'
      ROLLBACK
      BREAK
  END
  IF NOT EXISTS(SELECT SCRIPT_ID FROM S_CLIENT_SCRIPT WHERE SCRIPT_ID ='f60a2051-8c21-4a3e-a268-5e22908e9b5b')
  BEGIN
      PRINT 'S_CLIENT_SCRIPT [f60a2051-8c21-4a3e-a268-5e22908e9b5b] is missing from target database'
      ROLLBACK
      BREAK
  END
  IF NOT EXISTS(SELECT SCRIPT_ID FROM S_CLIENT_SCRIPT WHERE SCRIPT_ID ='0ba0cdfd-42bd-4130-97a2-5e5cf7062360')
  BEGIN
      PRINT 'S_CLIENT_SCRIPT [0ba0cdfd-42bd-4130-97a2-5e5cf7062360] is missing from target database'
      ROLLBACK
      BREAK
  END
  IF NOT EXISTS(SELECT SCRIPT_ID FROM S_CLIENT_SCRIPT WHERE SCRIPT_ID ='1de82994-0396-459c-9324-74167a640e4f')
  BEGIN
      PRINT 'S_CLIENT_SCRIPT [1de82994-0396-459c-9324-74167a640e4f] is missing from target database'
      ROLLBACK
      BREAK
  END
  IF NOT EXISTS(SELECT SCRIPT_ID FROM S_CLIENT_SCRIPT WHERE SCRIPT_ID ='70c61392-1482-4309-946e-789451f86759')
  BEGIN
      PRINT 'S_CLIENT_SCRIPT [70c61392-1482-4309-946e-789451f86759] is missing from target database'
      ROLLBACK
      BREAK
  END
  IF NOT EXISTS(SELECT SCRIPT_ID FROM S_CLIENT_SCRIPT WHERE SCRIPT_ID ='5a53c2ae-f74c-4929-9a38-9e370354bdcc')
  BEGIN
      PRINT 'S_CLIENT_SCRIPT [5a53c2ae-f74c-4929-9a38-9e370354bdcc] is missing from target database'
      ROLLBACK
      BREAK
  END
  IF NOT EXISTS(SELECT SCRIPT_ID FROM S_CLIENT_SCRIPT WHERE SCRIPT_ID ='9f19fa1e-1b75-4f21-9a04-a777f141249c')
  BEGIN
      PRINT 'S_CLIENT_SCRIPT [9f19fa1e-1b75-4f21-9a04-a777f141249c] is missing from target database'
      ROLLBACK
      BREAK
  END
  IF NOT EXISTS(SELECT SCRIPT_ID FROM S_CLIENT_SCRIPT WHERE SCRIPT_ID ='50b0df13-b9ba-4d2c-880e-afb14f85f3b6')
  BEGIN
      PRINT 'S_CLIENT_SCRIPT [50b0df13-b9ba-4d2c-880e-afb14f85f3b6] is missing from target database'
      ROLLBACK
      BREAK
  END
  IF NOT EXISTS(SELECT SCRIPT_ID FROM S_CLIENT_SCRIPT WHERE SCRIPT_ID ='c7da4ceb-7af9-4567-8afe-b1abf6eb3df8')
  BEGIN
      PRINT 'S_CLIENT_SCRIPT [c7da4ceb-7af9-4567-8afe-b1abf6eb3df8] is missing from target database'
      ROLLBACK
      BREAK
  END
  IF NOT EXISTS(SELECT SCRIPT_ID FROM S_CLIENT_SCRIPT WHERE SCRIPT_ID ='289f70a1-0e9c-4adf-8a38-b206b7c44c22')
  BEGIN
      PRINT 'S_CLIENT_SCRIPT [289f70a1-0e9c-4adf-8a38-b206b7c44c22] is missing from target database'
      ROLLBACK
      BREAK
  END
  IF NOT EXISTS(SELECT SCRIPT_ID FROM S_CLIENT_SCRIPT WHERE SCRIPT_ID ='863d04d9-fb70-46ab-9caf-caea5337d6e5')
  BEGIN
      PRINT 'S_CLIENT_SCRIPT [863d04d9-fb70-46ab-9caf-caea5337d6e5] is missing from target database'
      ROLLBACK
      BREAK
  END
  IF NOT EXISTS(SELECT SCRIPT_ID FROM S_CLIENT_SCRIPT WHERE SCRIPT_ID ='54a90287-6268-4915-8e09-e3902be3bc13')
  BEGIN
      PRINT 'S_CLIENT_SCRIPT [54a90287-6268-4915-8e09-e3902be3bc13] is missing from target database'
      ROLLBACK
      BREAK
  END
  IF NOT EXISTS(SELECT SCRIPT_ID FROM S_CLIENT_SCRIPT WHERE SCRIPT_ID ='e5b6ace7-bbf2-40be-9aed-e4a90f442eff')
  BEGIN
      PRINT 'S_CLIENT_SCRIPT [e5b6ace7-bbf2-40be-9aed-e4a90f442eff] is missing from target database'
      ROLLBACK
      BREAK
  END
  IF NOT EXISTS(SELECT SCRIPT_ID FROM S_CLIENT_SCRIPT WHERE SCRIPT_ID ='c08b62e8-e009-4fc8-938b-eba5014b2809')
  BEGIN
      PRINT 'S_CLIENT_SCRIPT [c08b62e8-e009-4fc8-938b-eba5014b2809] is missing from target database'
      ROLLBACK
      BREAK
  END
  IF NOT EXISTS(SELECT SCRIPT_ID FROM S_CLIENT_SCRIPT WHERE SCRIPT_ID ='cdc4ba65-2983-44d9-965a-f7e44a3684bb')
  BEGIN
      PRINT 'S_CLIENT_SCRIPT [cdc4ba65-2983-44d9-965a-f7e44a3684bb] is missing from target database'
      ROLLBACK
      BREAK
  END
  IF NOT EXISTS(SELECT SCRIPT_ID FROM S_CLIENT_SCRIPT WHERE SCRIPT_ID ='df617e19-2d2f-4f5a-b362-f938d7fe1f89')
  BEGIN
      PRINT 'S_CLIENT_SCRIPT [df617e19-2d2f-4f5a-b362-f938d7fe1f89] is missing from target database'
      ROLLBACK
      BREAK
  END
  IF NOT EXISTS(SELECT SCRIPT_ID FROM S_CLIENT_SCRIPT WHERE SCRIPT_ID ='c3ffdc7a-0d24-44e5-a93c-ff534395157c')
  BEGIN
      PRINT 'S_CLIENT_SCRIPT [c3ffdc7a-0d24-44e5-a93c-ff534395157c] is missing from target database'
      ROLLBACK
      BREAK
  END



  -- Delete scripts
DELETE FROM S_VIEW_TAB_ITEM_WORKGROUP WHERE ITEM_ID IN(SELECT ITEM_ID FROM S_VIEW_TAB_ITEM WHERE TAB_ID IN( SELECT TAB_ID FROM S_VIEW_TAB WHERE VIEW_ID='38b2b767-0bb0-42f8-864d-57ec6766363d'))
DELETE FROM S_LANGUAGE_OBJECT_VALUE WHERE RECORD_ID IN(SELECT ITEM_ID FROM S_VIEW_TAB_ITEM WHERE TAB_ID IN( SELECT TAB_ID FROM S_VIEW_TAB WHERE VIEW_ID='38b2b767-0bb0-42f8-864d-57ec6766363d'))
DELETE FROM S_VIEW_TAB_ITEM_ACTION WHERE ITEM_ID IN(SELECT ITEM_ID FROM S_VIEW_TAB_ITEM WHERE TAB_ID IN( SELECT TAB_ID FROM S_VIEW_TAB WHERE VIEW_ID='38b2b767-0bb0-42f8-864d-57ec6766363d'))
DELETE FROM S_LANGUAGE_OBJECT_VALUE WHERE RECORD_ID IN(SELECT ITEM_ID FROM S_VIEW_TAB_ITEM WHERE TAB_ID IN( SELECT TAB_ID FROM S_VIEW_TAB WHERE VIEW_ID='38b2b767-0bb0-42f8-864d-57ec6766363d'))
DELETE FROM S_VIEW_TAB_ITEM_AW WHERE ITEM_ID IN(SELECT ITEM_ID FROM S_VIEW_TAB_ITEM WHERE TAB_ID IN( SELECT TAB_ID FROM S_VIEW_TAB WHERE VIEW_ID='38b2b767-0bb0-42f8-864d-57ec6766363d'))
DELETE FROM S_LANGUAGE_OBJECT_VALUE WHERE RECORD_ID IN(SELECT ITEM_ID FROM S_VIEW_TAB_ITEM WHERE TAB_ID IN( SELECT TAB_ID FROM S_VIEW_TAB WHERE VIEW_ID='38b2b767-0bb0-42f8-864d-57ec6766363d'))
DELETE FROM S_VIEW_TAB_ITEM_RL WHERE ITEM_ID IN(SELECT ITEM_ID FROM S_VIEW_TAB_ITEM WHERE TAB_ID IN( SELECT TAB_ID FROM S_VIEW_TAB WHERE VIEW_ID='38b2b767-0bb0-42f8-864d-57ec6766363d'))
DELETE FROM S_LANGUAGE_OBJECT_VALUE WHERE RECORD_ID IN(SELECT ITEM_ID FROM S_VIEW_TAB_ITEM WHERE TAB_ID IN( SELECT TAB_ID FROM S_VIEW_TAB WHERE VIEW_ID='38b2b767-0bb0-42f8-864d-57ec6766363d'))
DELETE FROM S_VIEW_BUTTON_WORKGROUP WHERE BUTTON_ID IN( SELECT BUTTON_ID FROM S_VIEW_BUTTON WHERE VIEW_ID='38b2b767-0bb0-42f8-864d-57ec6766363d')
DELETE FROM S_LANGUAGE_OBJECT_VALUE WHERE RECORD_ID IN( SELECT BUTTON_ID FROM S_VIEW_BUTTON WHERE VIEW_ID='38b2b767-0bb0-42f8-864d-57ec6766363d')
DELETE FROM S_VIEW_TAB_WORKGROUP WHERE TAB_ID IN( SELECT TAB_ID FROM S_VIEW_TAB WHERE VIEW_ID='38b2b767-0bb0-42f8-864d-57ec6766363d')
DELETE FROM S_LANGUAGE_OBJECT_VALUE WHERE RECORD_ID IN( SELECT TAB_ID FROM S_VIEW_TAB WHERE VIEW_ID='38b2b767-0bb0-42f8-864d-57ec6766363d')
DELETE FROM S_VIEW_TAB_ITEM WHERE TAB_ID IN( SELECT TAB_ID FROM S_VIEW_TAB WHERE VIEW_ID='38b2b767-0bb0-42f8-864d-57ec6766363d')
DELETE FROM S_LANGUAGE_OBJECT_VALUE WHERE RECORD_ID IN( SELECT TAB_ID FROM S_VIEW_TAB WHERE VIEW_ID='38b2b767-0bb0-42f8-864d-57ec6766363d')
DELETE FROM S_VIEW_CLIENT_SCRIPT WHERE VIEW_ID = '38b2b767-0bb0-42f8-864d-57ec6766363d'
DELETE FROM S_VIEW_BUTTON WHERE VIEW_ID = '38b2b767-0bb0-42f8-864d-57ec6766363d'
DELETE FROM S_VIEW_TAB WHERE VIEW_ID = '38b2b767-0bb0-42f8-864d-57ec6766363d'
DELETE FROM S_VIEW_WORKGROUP WHERE VIEW_ID = '38b2b767-0bb0-42f8-864d-57ec6766363d'
DELETE FROM S_VIEW WHERE VIEW_ID = '38b2b767-0bb0-42f8-864d-57ec6766363d'
DELETE FROM S_LANGUAGE_OBJECT_VALUE WHERE RECORD_ID = '38b2b767-0bb0-42f8-864d-57ec6766363d'




  -- Insert scripts
INSERT INTO S_VIEW(VIEW_ID, VIEW_NAME, TITLE_EDIT, SELECT_QUERY, MENU_CONTEXT_SWITCH, MENU_CONTEXT_ID_DATABASE, STYLE_SHEET, DATA_DATABASE, IS_MAINTAINER_AVAILABLE, PARAMETERS, RECORD_RETRIEVE_METHOD, TITLE_ADD, DATA_TRANSFORMATION_SCRIPT, DATA_TRANSFORMATION_FUNC_NAME, HISTORY_TITLE, PROFILE_TITLE, ONAFTERLOAD_SCRIPT_ID, FUNCTION_ONLOAD, DATA_TRANSFORMATION_ID, ONBEFORELOAD_SCRIPT_ID, MENU_CONTEXT_ID, TABLE_ID, HISTORY_CONTEXT_ID, PROFILE_ID, REPORTAUDIT_SERVER_SCRIPT_ID, TRANSFORMATION_LANGUAGE) VALUES(N'38b2b767-0bb0-42f8-864d-57ec6766363d', N'LN_ACC_LN86909', N'LN86909 - Write Off Amount', N'dim XMLHeader, XMLInqData, sts, err

dim CHFSEQ,CHAPCD,CHFCID,CHMND8
CHFSEQ= scb.objRequest.queryString("CHFSEQ")
IF CHFSEQ <> "" THEN 
XMLHeader = "SS86701" 
CHAPCD= scb.objRequest.queryString("CHAPCD")
CHFCID= scb.objRequest.queryString("CHFCID")
CHMND8= scb.objRequest.queryString("CHMND8")

XMLInqData = "<CHFSEQ>"&CHFSEQ&"</CHFSEQ>"
XMLInqData = XMLInqData + "<CHAPCD>"&CHAPCD&"</CHAPCD>"
XMLInqData = XMLInqData + "<CHFCID>"&CHFCID&"</CHFCID>"
XMLInqData = XMLInqData + "<CHMND8>"&CHMND8&"</CHMND8>"

ELSE

XMLHeader = "LN86909"
scb.objSession("errMsg")=""

dim ACCTNO,ACTYPE,RCTYPE,PWDT8

ACCTNO = scb.objRequest.queryString("ACCTNO")
ACTYPE= scb.objRequest.queryString("ACTYPE")
RCTYPE= scb.objRequest.queryString("RCTYPE")
PWDT8= scb.objRequest.queryString("PWDT8")

XMLInqData = "<ACCTNO>"&ACCTNO&"</ACCTNO>"
XMLInqData = XMLInqData  &  "<ACTYPE>"&ACTYPE&"</ACTYPE>"
XMLInqData = XMLInqData  &  "<RCTYPE>"&RCTYPE&"</RCTYPE>"
XMLInqData = XMLInqData  &  "<PWDT8>"&PWDT8&"</PWDT8>"

END IF

scb.loadServerScript("5f74a9a3-9a50-4b35-83d4-9f2f54057ddf")
call gsInquiryFromHost(XMLHeader, XMLInqData, "VIEW", sts, err,buffer1,buffer2,buffer3,buffer4,buffer5,buffer6) ''PAGE or VIEW      sts-AB/AA', null, null, N'view.css', null, N'N', N''''','''','''',''PWCBAL,PWACCINT,PWBKSC,PWINTR,PWLC,PWCOM,PWOTHCHG,PWMISCD,PWRESINT,PWRESLC,PWMORINT,PWADVPMT,PWCURPO'','''','''','''',''PWDT8'',''PWDT8D'',''N2,N2,N2,N2,N2,N2,N2,N2,N2,N2,N2,N2,N2'','''','''','''','''','''','''');dualControlHideButton(''bbbtnBack,bbbtnMntLog''', N'2', N'LN86909 - Write Off Amount', null, null, N'', null, null, N'61fc8edb-1163-4559-8f08-33fc42e97db4', null, null, null, N'a02e8a78-3e94-4752-9a90-726bc90d276e', null, null, null, N'372')

begin tran
                                           UPDATE S_LANGUAGE_OBJECT_VALUE SET ID=N'74d31e68-126a-48b7-afa2-987067baafba', OBJECT_ID=N'c656fe6a-11bb-434e-9315-16f33d2c93f7', LANGUAGE_ID=N'2dad38f9-a30c-4c69-9c8f-c3a74c20fdf1', VALUE=N'LN86909 - Write Off Amount', RECORD_ID=N'38b2b767-0bb0-42f8-864d-57ec6766363d', ITEM_ID=N'8e840f31-f6d9-4471-af26-30f730a2f03e' WHERE ID = '74d31e68-126a-48b7-afa2-987067baafba'

                                           if @@rowcount = 0
                                           begin
                                                  INSERT INTO S_LANGUAGE_OBJECT_VALUE(ID, OBJECT_ID, LANGUAGE_ID, VALUE, RECORD_ID, ITEM_ID) VALUES(N'74d31e68-126a-48b7-afa2-987067baafba', N'c656fe6a-11bb-434e-9315-16f33d2c93f7', N'2dad38f9-a30c-4c69-9c8f-c3a74c20fdf1', N'LN86909 - Write Off Amount', N'38b2b767-0bb0-42f8-864d-57ec6766363d', N'8e840f31-f6d9-4471-af26-30f730a2f03e')
                                           end
                                        commit tran

begin tran
                                           UPDATE S_LANGUAGE_OBJECT_VALUE SET ID=N'1308afed-b5fe-45c0-98a7-cc54399a09ba', OBJECT_ID=N'c656fe6a-11bb-434e-9315-16f33d2c93f7', LANGUAGE_ID=N'2dad38f9-a30c-4c69-9c8f-c3a74c20fdf1', VALUE=N'LN86909 - Write Off Amount', RECORD_ID=N'38b2b767-0bb0-42f8-864d-57ec6766363d', ITEM_ID=N'6f3d9649-e1f7-48a4-a9e2-f2cf9c9c2804' WHERE ID = '1308afed-b5fe-45c0-98a7-cc54399a09ba'

                                           if @@rowcount = 0
                                           begin
                                                  INSERT INTO S_LANGUAGE_OBJECT_VALUE(ID, OBJECT_ID, LANGUAGE_ID, VALUE, RECORD_ID, ITEM_ID) VALUES(N'1308afed-b5fe-45c0-98a7-cc54399a09ba', N'c656fe6a-11bb-434e-9315-16f33d2c93f7', N'2dad38f9-a30c-4c69-9c8f-c3a74c20fdf1', N'LN86909 - Write Off Amount', N'38b2b767-0bb0-42f8-864d-57ec6766363d', N'6f3d9649-e1f7-48a4-a9e2-f2cf9c9c2804')
                                           end
                                        commit tran

INSERT INTO S_VIEW_TAB(TAB_ID, TAB_NAME, TAB_TITLE, ITEM_INDEX, MODE_AVAILABLE, HAS_WORKGROUP, VIEW_ID, PRESENTATION_TEMPLATE_ID) VALUES(N'46ad2e51-d179-46a7-bb4f-00bc912e37f1', N'MAIN', N'', N'0', N'0', N'0', N'38b2b767-0bb0-42f8-864d-57ec6766363d', N'cab62718-6710-4bc0-8bb3-01e4282ad5f9')

INSERT INTO S_VIEW_BUTTON(BUTTON_ID, BUTTON_NAME, BUTTON_TITLE, ITEM_INDEX, HIDE_UNDER_LOCK, PROP_IS_ACCESSIBLE, MODE_AVAILABLE, PARAMETERS, HAS_WORKGROUP, FUNCTION_ID, VIEW_ID) VALUES(N'12241d32-db85-4d89-ad84-2c73b21811ea', N'btnDelete', N'Delete', N'2', N'N', N'de5ad38a-30ef-4c95-b214-572ee26655b4', N'0', N'''LN89909'',''[ACCTNO]<!PACCTNO!>[/ACCTNO][ACTYPE]<!PACTYPE!>[/ACTYPE][RCTYPE]<!PRCTYPE!>[/RCTYPE][PWDT8]<!PPWDT8!>[/PWDT8]'',''generic/view.aspx?VIEW_NAME=LN_ACC_LN86909&keyU_DUMMYPKID=0&UMode=DEL'','''','''','''','''','''',''&return=[AMP]HDFCSQ[EQ][HDFCSQ][AMP]HDFCID[EQ][HDFCID][AMP]HDTXMD[EQ][HDTXMD]'',''&HDFCID=LN89909'',true,'''','''',''''', null, N'0ed0c9e7-0c8a-416c-8fd0-14c3fabe7325', N'38b2b767-0bb0-42f8-864d-57ec6766363d')

INSERT INTO S_VIEW_BUTTON(BUTTON_ID, BUTTON_NAME, BUTTON_TITLE, ITEM_INDEX, HIDE_UNDER_LOCK, PROP_IS_ACCESSIBLE, MODE_AVAILABLE, PARAMETERS, HAS_WORKGROUP, FUNCTION_ID, VIEW_ID) VALUES(N'c7f7e708-38e2-48f8-83d4-6132a70b935b', N'btnMntLog', N'Mnt Log', N'4', N'N', N'e1d27dd0-a191-4497-8f8e-d21020dfe66a', N'0', N'''LN86909'',''<!DMTNLOGKEY!>'',''O''', null, N'e51a2a14-ece2-4fcf-957e-c283421e0d04', N'38b2b767-0bb0-42f8-864d-57ec6766363d')

INSERT INTO S_VIEW_BUTTON(BUTTON_ID, BUTTON_NAME, BUTTON_TITLE, ITEM_INDEX, HIDE_UNDER_LOCK, PROP_IS_ACCESSIBLE, MODE_AVAILABLE, PARAMETERS, HAS_WORKGROUP, FUNCTION_ID, VIEW_ID) VALUES(N'aa3d43b0-58cb-4362-88e1-77525c4fc5da', N'btnAdd', N'Save', N'0', N'N', N'1576b4d5-9051-4c49-936e-7187ba77cd06', N'0', N'''LN87909'',''[ACCTNO]<!PACCTNO!>[/ACCTNO][ACTYPE]<!PACTYPE!>[/ACTYPE][RCTYPE]<!PRCTYPE!>[/RCTYPE][PWDT8]<!PPWDT8!>[/PWDT8]'',''generic/list.aspx?PAGE_NAME=LN_ACC_LN85909&UMode=UPD'','''','''','''','''','''',''&return=[AMP]HDFCSQ[EQ][HDFCSQ][AMP]HDFCID[EQ][HDFCID][AMP]HDTXMD[EQ][HDTXMD]'',''&HDFCID=LN87909'',true,'''','''',true', null, N'c2f01b58-4523-4b44-b317-f68dfbdbd9fb', N'38b2b767-0bb0-42f8-864d-57ec6766363d')

INSERT INTO S_VIEW_BUTTON(BUTTON_ID, BUTTON_NAME, BUTTON_TITLE, ITEM_INDEX, HIDE_UNDER_LOCK, PROP_IS_ACCESSIBLE, MODE_AVAILABLE, PARAMETERS, HAS_WORKGROUP, FUNCTION_ID, VIEW_ID) VALUES(N'44f3e107-ba38-482a-946f-b9feb84b8d8e', N'btnSave', N'Save', N'1', N'N', N'ba83f877-dbae-4e66-aa99-f4ba73a3e29c', N'0', N'''LN88909'',''[ACCTNO]<!PACCTNO!>[/ACCTNO][ACTYPE]<!PACTYPE!>[/ACTYPE][RCTYPE]<!PRCTYPE!>[/RCTYPE][PWDT8]<!PPWDT8!>[/PWDT8]'',''generic/list.aspx?PAGE_NAME=LN_ACC_LN85909&UMode=UPD'','''','''','''','''','''',''&return=[AMP]HDFCSQ[EQ][HDFCSQ][AMP]HDFCID[EQ][HDFCID][AMP]HDTXMD[EQ][HDTXMD]'',''&HDFCID=LN88909'',true,'''','''',true', null, N'c2f01b58-4523-4b44-b317-f68dfbdbd9fb', N'38b2b767-0bb0-42f8-864d-57ec6766363d')

INSERT INTO S_VIEW_BUTTON(BUTTON_ID, BUTTON_NAME, BUTTON_TITLE, ITEM_INDEX, HIDE_UNDER_LOCK, PROP_IS_ACCESSIBLE, MODE_AVAILABLE, PARAMETERS, HAS_WORKGROUP, FUNCTION_ID, VIEW_ID) VALUES(N'75062ac5-1708-46bf-8340-c60c9f3380e0', N'btnBack', N'Back', N'3', N'N', null, N'0', N'-1', null, N'11f35196-b107-40d4-a49c-26ce5e30500e', N'38b2b767-0bb0-42f8-864d-57ec6766363d')

INSERT INTO S_VIEW_CLIENT_SCRIPT(SCRIPT_ID, VIEW_ID) VALUES(N'530441a9-945f-4c66-b3a9-026cd05bab5d', N'38b2b767-0bb0-42f8-864d-57ec6766363d')

INSERT INTO S_VIEW_CLIENT_SCRIPT(SCRIPT_ID, VIEW_ID) VALUES(N'5e6237f3-0a9b-4353-a320-039cbc5b9dfa', N'38b2b767-0bb0-42f8-864d-57ec6766363d')

INSERT INTO S_VIEW_CLIENT_SCRIPT(SCRIPT_ID, VIEW_ID) VALUES(N'c03208ba-143f-4a08-b946-0ecd1fdbd7da', N'38b2b767-0bb0-42f8-864d-57ec6766363d')

INSERT INTO S_VIEW_CLIENT_SCRIPT(SCRIPT_ID, VIEW_ID) VALUES(N'e21053bd-0f3f-4029-8596-0ff07ffc0450', N'38b2b767-0bb0-42f8-864d-57ec6766363d')

INSERT INTO S_VIEW_CLIENT_SCRIPT(SCRIPT_ID, VIEW_ID) VALUES(N'0ed0c9e7-0c8a-416c-8fd0-14c3fabe7325', N'38b2b767-0bb0-42f8-864d-57ec6766363d')

INSERT INTO S_VIEW_CLIENT_SCRIPT(SCRIPT_ID, VIEW_ID) VALUES(N'887f0b16-c62b-4e02-a1a8-24ee7347273c', N'38b2b767-0bb0-42f8-864d-57ec6766363d')

INSERT INTO S_VIEW_CLIENT_SCRIPT(SCRIPT_ID, VIEW_ID) VALUES(N'11f35196-b107-40d4-a49c-26ce5e30500e', N'38b2b767-0bb0-42f8-864d-57ec6766363d')

INSERT INTO S_VIEW_CLIENT_SCRIPT(SCRIPT_ID, VIEW_ID) VALUES(N'61a7ab44-7d5e-4eef-95b0-2916417f11e1', N'38b2b767-0bb0-42f8-864d-57ec6766363d')

INSERT INTO S_VIEW_CLIENT_SCRIPT(SCRIPT_ID, VIEW_ID) VALUES(N'87fbd8b8-184a-413f-a4d4-2e345b572880', N'38b2b767-0bb0-42f8-864d-57ec6766363d')

INSERT INTO S_VIEW_CLIENT_SCRIPT(SCRIPT_ID, VIEW_ID) VALUES(N'61fc8edb-1163-4559-8f08-33fc42e97db4', N'38b2b767-0bb0-42f8-864d-57ec6766363d')

INSERT INTO S_VIEW_CLIENT_SCRIPT(SCRIPT_ID, VIEW_ID) VALUES(N'3cfcfafc-19de-4e56-9942-48c354c486b6', N'38b2b767-0bb0-42f8-864d-57ec6766363d')

INSERT INTO S_VIEW_CLIENT_SCRIPT(SCRIPT_ID, VIEW_ID) VALUES(N'28a845ee-a369-4e96-b1d4-4b0ad659cb86', N'38b2b767-0bb0-42f8-864d-57ec6766363d')

INSERT INTO S_VIEW_CLIENT_SCRIPT(SCRIPT_ID, VIEW_ID) VALUES(N'739e9c44-84f3-4ba3-ab1a-4e4b4d4f3de7', N'38b2b767-0bb0-42f8-864d-57ec6766363d')

INSERT INTO S_VIEW_CLIENT_SCRIPT(SCRIPT_ID, VIEW_ID) VALUES(N'a4f4c1e9-8b33-455a-b9c5-4fa2c8513a87', N'38b2b767-0bb0-42f8-864d-57ec6766363d')

INSERT INTO S_VIEW_CLIENT_SCRIPT(SCRIPT_ID, VIEW_ID) VALUES(N'c4cba7d7-e7f2-4c64-bb12-5bf0e9a5aa39', N'38b2b767-0bb0-42f8-864d-57ec6766363d')

INSERT INTO S_VIEW_CLIENT_SCRIPT(SCRIPT_ID, VIEW_ID) VALUES(N'f60a2051-8c21-4a3e-a268-5e22908e9b5b', N'38b2b767-0bb0-42f8-864d-57ec6766363d')

INSERT INTO S_VIEW_CLIENT_SCRIPT(SCRIPT_ID, VIEW_ID) VALUES(N'0ba0cdfd-42bd-4130-97a2-5e5cf7062360', N'38b2b767-0bb0-42f8-864d-57ec6766363d')

INSERT INTO S_VIEW_CLIENT_SCRIPT(SCRIPT_ID, VIEW_ID) VALUES(N'1de82994-0396-459c-9324-74167a640e4f', N'38b2b767-0bb0-42f8-864d-57ec6766363d')

INSERT INTO S_VIEW_CLIENT_SCRIPT(SCRIPT_ID, VIEW_ID) VALUES(N'70c61392-1482-4309-946e-789451f86759', N'38b2b767-0bb0-42f8-864d-57ec6766363d')

INSERT INTO S_VIEW_CLIENT_SCRIPT(SCRIPT_ID, VIEW_ID) VALUES(N'5a53c2ae-f74c-4929-9a38-9e370354bdcc', N'38b2b767-0bb0-42f8-864d-57ec6766363d')

INSERT INTO S_VIEW_CLIENT_SCRIPT(SCRIPT_ID, VIEW_ID) VALUES(N'9f19fa1e-1b75-4f21-9a04-a777f141249c', N'38b2b767-0bb0-42f8-864d-57ec6766363d')

INSERT INTO S_VIEW_CLIENT_SCRIPT(SCRIPT_ID, VIEW_ID) VALUES(N'50b0df13-b9ba-4d2c-880e-afb14f85f3b6', N'38b2b767-0bb0-42f8-864d-57ec6766363d')

INSERT INTO S_VIEW_CLIENT_SCRIPT(SCRIPT_ID, VIEW_ID) VALUES(N'c7da4ceb-7af9-4567-8afe-b1abf6eb3df8', N'38b2b767-0bb0-42f8-864d-57ec6766363d')

INSERT INTO S_VIEW_CLIENT_SCRIPT(SCRIPT_ID, VIEW_ID) VALUES(N'289f70a1-0e9c-4adf-8a38-b206b7c44c22', N'38b2b767-0bb0-42f8-864d-57ec6766363d')

INSERT INTO S_VIEW_CLIENT_SCRIPT(SCRIPT_ID, VIEW_ID) VALUES(N'e51a2a14-ece2-4fcf-957e-c283421e0d04', N'38b2b767-0bb0-42f8-864d-57ec6766363d')

INSERT INTO S_VIEW_CLIENT_SCRIPT(SCRIPT_ID, VIEW_ID) VALUES(N'863d04d9-fb70-46ab-9caf-caea5337d6e5', N'38b2b767-0bb0-42f8-864d-57ec6766363d')

INSERT INTO S_VIEW_CLIENT_SCRIPT(SCRIPT_ID, VIEW_ID) VALUES(N'54a90287-6268-4915-8e09-e3902be3bc13', N'38b2b767-0bb0-42f8-864d-57ec6766363d')

INSERT INTO S_VIEW_CLIENT_SCRIPT(SCRIPT_ID, VIEW_ID) VALUES(N'e5b6ace7-bbf2-40be-9aed-e4a90f442eff', N'38b2b767-0bb0-42f8-864d-57ec6766363d')

INSERT INTO S_VIEW_CLIENT_SCRIPT(SCRIPT_ID, VIEW_ID) VALUES(N'c08b62e8-e009-4fc8-938b-eba5014b2809', N'38b2b767-0bb0-42f8-864d-57ec6766363d')

INSERT INTO S_VIEW_CLIENT_SCRIPT(SCRIPT_ID, VIEW_ID) VALUES(N'c2f01b58-4523-4b44-b317-f68dfbdbd9fb', N'38b2b767-0bb0-42f8-864d-57ec6766363d')

INSERT INTO S_VIEW_CLIENT_SCRIPT(SCRIPT_ID, VIEW_ID) VALUES(N'cdc4ba65-2983-44d9-965a-f7e44a3684bb', N'38b2b767-0bb0-42f8-864d-57ec6766363d')

INSERT INTO S_VIEW_CLIENT_SCRIPT(SCRIPT_ID, VIEW_ID) VALUES(N'df617e19-2d2f-4f5a-b362-f938d7fe1f89', N'38b2b767-0bb0-42f8-864d-57ec6766363d')

INSERT INTO S_VIEW_CLIENT_SCRIPT(SCRIPT_ID, VIEW_ID) VALUES(N'c3ffdc7a-0d24-44e5-a93c-ff534395157c', N'38b2b767-0bb0-42f8-864d-57ec6766363d')

INSERT INTO S_VIEW_TAB_ITEM(ITEM_ID, ITEM_NAME, TABLE_NAME, COLUMN_NAME, REQUIRED_FIELD, ITEM_TYPE, QUERY, HAS_CHILD, ALLOW_EMPTY, EMPTY_VALUE, ITEM_INDEX, ITEM_SUB_INDEX, ITEM_TITLE, DEFAULT_VALUE, IS_UPDATE, HAS_FUNCTION, IS_TABLE_UNIQUE, IS_AUDIT, IS_PROFILE, TRANSFORMATION_SCRIPT, PROP_IS_VISIBLE, PROP_IS_ACCESSIBLE, PROP_IS_EDITABLE, MODE_AVAILABLE, SUB_TITLE, WIDTH, HEIGHT, CLASS, STYLE, HREF, SUB_TYPE, DELETE_CLAUSE, MAX_LENGTH, ITEM_VALUE, GROUPING, FORMAT, REF_NAME, FILE_DIRECTORY, VALUE_ON, VALUE_OFF, HAS_WORKGROUP, AUDIT_HAS_WORKGROUP, IS_MAINTAINABLE, AUDIT_SERVER_SCRIPT_ID, TAB_ID, OWNER_ID, PROFILE_AREA_ID, REFERENCE_TABLE, DELAYED_LOAD_LIST, RELATION_ITEM) VALUES(N'f9a55ccf-6bae-4214-b7b8-ef92ae56ff35', N'A$ACCTNO', N'U_DUMMY', N'ACCTNO', N'N', N'TEXT', null, null, N'N', null, N'0', N'0', N'Account Number', null, N'N', null, N'N', N'N', N'N', null, null, null, null, N'0', null, null, null, null, null, null, N'TEXT', null, null, null, null, null, null, null, N'1', N'0', N'0', N'0', N'0', null, N'46ad2e51-d179-46a7-bb4f-00bc912e37f1', null, null, null, N'False', null)

INSERT INTO S_VIEW_TAB_ITEM(ITEM_ID, ITEM_NAME, TABLE_NAME, COLUMN_NAME, REQUIRED_FIELD, ITEM_TYPE, QUERY, HAS_CHILD, ALLOW_EMPTY, EMPTY_VALUE, ITEM_INDEX, ITEM_SUB_INDEX, ITEM_TITLE, DEFAULT_VALUE, IS_UPDATE, HAS_FUNCTION, IS_TABLE_UNIQUE, IS_AUDIT, IS_PROFILE, TRANSFORMATION_SCRIPT, PROP_IS_VISIBLE, PROP_IS_ACCESSIBLE, PROP_IS_EDITABLE, MODE_AVAILABLE, SUB_TITLE, WIDTH, HEIGHT, CLASS, STYLE, HREF, SUB_TYPE, DELETE_CLAUSE, MAX_LENGTH, ITEM_VALUE, GROUPING, FORMAT, REF_NAME, FILE_DIRECTORY, VALUE_ON, VALUE_OFF, HAS_WORKGROUP, AUDIT_HAS_WORKGROUP, IS_MAINTAINABLE, AUDIT_SERVER_SCRIPT_ID, TAB_ID, OWNER_ID, PROFILE_AREA_ID, REFERENCE_TABLE, DELAYED_LOAD_LIST, RELATION_ITEM) VALUES(N'0a823da5-7669-449b-8af2-9f9d706328fa', N'PWCBAL', N'U_DUMMY', N'PWCBAL', N'Y', N'TEXT', null, null, N'N', null, N'5', N'0', N'Write-off Current Balance ', null, N'N', N'Y', N'N', N'N', N'N', null, null, null, null, N'0', null, null, null, null, N'text-align:right;', null, N'TEXT', null, null, null, null, null, null, null, N'1', N'0', N'0', N'0', N'0', null, N'46ad2e51-d179-46a7-bb4f-00bc912e37f1', null, null, null, N'False', null)

INSERT INTO S_VIEW_TAB_ITEM(ITEM_ID, ITEM_NAME, TABLE_NAME, COLUMN_NAME, REQUIRED_FIELD, ITEM_TYPE, QUERY, HAS_CHILD, ALLOW_EMPTY, EMPTY_VALUE, ITEM_INDEX, ITEM_SUB_INDEX, ITEM_TITLE, DEFAULT_VALUE, IS_UPDATE, HAS_FUNCTION, IS_TABLE_UNIQUE, IS_AUDIT, IS_PROFILE, TRANSFORMATION_SCRIPT, PROP_IS_VISIBLE, PROP_IS_ACCESSIBLE, PROP_IS_EDITABLE, MODE_AVAILABLE, SUB_TITLE, WIDTH, HEIGHT, CLASS, STYLE, HREF, SUB_TYPE, DELETE_CLAUSE, MAX_LENGTH, ITEM_VALUE, GROUPING, FORMAT, REF_NAME, FILE_DIRECTORY, VALUE_ON, VALUE_OFF, HAS_WORKGROUP, AUDIT_HAS_WORKGROUP, IS_MAINTAINABLE, AUDIT_SERVER_SCRIPT_ID, TAB_ID, OWNER_ID, PROFILE_AREA_ID, REFERENCE_TABLE, DELAYED_LOAD_LIST, RELATION_ITEM) VALUES(N'b20b2e7c-4d11-42f3-b760-119b9c1c8e0b', N'PWACCINT', N'U_DUMMY', N'PWACCINT', N'Y', N'TEXT', null, null, N'N', null, N'10', N'0', N'Write-off Accrued Interest', null, N'N', N'Y', N'N', N'N', N'N', null, null, null, null, N'0', null, null, null, null, N'text-align:right;', null, N'TEXT', null, null, null, null, null, null, null, N'1', N'0', N'0', N'0', N'0', null, N'46ad2e51-d179-46a7-bb4f-00bc912e37f1', null, null, null, N'False', null)

INSERT INTO S_VIEW_TAB_ITEM(ITEM_ID, ITEM_NAME, TABLE_NAME, COLUMN_NAME, REQUIRED_FIELD, ITEM_TYPE, QUERY, HAS_CHILD, ALLOW_EMPTY, EMPTY_VALUE, ITEM_INDEX, ITEM_SUB_INDEX, ITEM_TITLE, DEFAULT_VALUE, IS_UPDATE, HAS_FUNCTION, IS_TABLE_UNIQUE, IS_AUDIT, IS_PROFILE, TRANSFORMATION_SCRIPT, PROP_IS_VISIBLE, PROP_IS_ACCESSIBLE, PROP_IS_EDITABLE, MODE_AVAILABLE, SUB_TITLE, WIDTH, HEIGHT, CLASS, STYLE, HREF, SUB_TYPE, DELETE_CLAUSE, MAX_LENGTH, ITEM_VALUE, GROUPING, FORMAT, REF_NAME, FILE_DIRECTORY, VALUE_ON, VALUE_OFF, HAS_WORKGROUP, AUDIT_HAS_WORKGROUP, IS_MAINTAINABLE, AUDIT_SERVER_SCRIPT_ID, TAB_ID, OWNER_ID, PROFILE_AREA_ID, REFERENCE_TABLE, DELAYED_LOAD_LIST, RELATION_ITEM) VALUES(N'60033fd9-8951-4814-bcb1-22fc36f2e99f', N'PWBKSC', N'U_DUMMY', N'PWBKSC', N'N', N'TEXT', null, null, N'N', null, N'20', N'0', N'Write-off Bank Discount', null, N'N', N'Y', N'N', N'N', N'N', null, null, null, null, N'0', null, null, null, null, N'text-align:right;', null, N'TEXT', null, null, null, null, null, null, null, N'1', N'0', N'0', N'0', N'0', null, N'46ad2e51-d179-46a7-bb4f-00bc912e37f1', null, null, null, N'False', null)

INSERT INTO S_VIEW_TAB_ITEM(ITEM_ID, ITEM_NAME, TABLE_NAME, COLUMN_NAME, REQUIRED_FIELD, ITEM_TYPE, QUERY, HAS_CHILD, ALLOW_EMPTY, EMPTY_VALUE, ITEM_INDEX, ITEM_SUB_INDEX, ITEM_TITLE, DEFAULT_VALUE, IS_UPDATE, HAS_FUNCTION, IS_TABLE_UNIQUE, IS_AUDIT, IS_PROFILE, TRANSFORMATION_SCRIPT, PROP_IS_VISIBLE, PROP_IS_ACCESSIBLE, PROP_IS_EDITABLE, MODE_AVAILABLE, SUB_TITLE, WIDTH, HEIGHT, CLASS, STYLE, HREF, SUB_TYPE, DELETE_CLAUSE, MAX_LENGTH, ITEM_VALUE, GROUPING, FORMAT, REF_NAME, FILE_DIRECTORY, VALUE_ON, VALUE_OFF, HAS_WORKGROUP, AUDIT_HAS_WORKGROUP, IS_MAINTAINABLE, AUDIT_SERVER_SCRIPT_ID, TAB_ID, OWNER_ID, PROFILE_AREA_ID, REFERENCE_TABLE, DELAYED_LOAD_LIST, RELATION_ITEM) VALUES(N'9336018e-58df-40f0-a16f-38586be4f2fc', N'PWINTR', N'U_DUMMY', N'PWINTR', N'N', N'TEXT', null, null, N'N', null, N'30', N'0', N'Write-off Interest Rebate', null, N'N', N'Y', N'N', N'N', N'N', null, null, null, null, N'0', null, null, null, null, N'text-align:right;', null, N'TEXT', null, null, null, null, null, null, null, N'1', N'0', N'0', N'0', N'0', null, N'46ad2e51-d179-46a7-bb4f-00bc912e37f1', null, null, null, N'False', null)

INSERT INTO S_VIEW_TAB_ITEM(ITEM_ID, ITEM_NAME, TABLE_NAME, COLUMN_NAME, REQUIRED_FIELD, ITEM_TYPE, QUERY, HAS_CHILD, ALLOW_EMPTY, EMPTY_VALUE, ITEM_INDEX, ITEM_SUB_INDEX, ITEM_TITLE, DEFAULT_VALUE, IS_UPDATE, HAS_FUNCTION, IS_TABLE_UNIQUE, IS_AUDIT, IS_PROFILE, TRANSFORMATION_SCRIPT, PROP_IS_VISIBLE, PROP_IS_ACCESSIBLE, PROP_IS_EDITABLE, MODE_AVAILABLE, SUB_TITLE, WIDTH, HEIGHT, CLASS, STYLE, HREF, SUB_TYPE, DELETE_CLAUSE, MAX_LENGTH, ITEM_VALUE, GROUPING, FORMAT, REF_NAME, FILE_DIRECTORY, VALUE_ON, VALUE_OFF, HAS_WORKGROUP, AUDIT_HAS_WORKGROUP, IS_MAINTAINABLE, AUDIT_SERVER_SCRIPT_ID, TAB_ID, OWNER_ID, PROFILE_AREA_ID, REFERENCE_TABLE, DELAYED_LOAD_LIST, RELATION_ITEM) VALUES(N'9b4e3a01-1724-40db-98f6-56be3678aef7', N'PWLC', N'U_DUMMY', N'PWLC', N'N', N'TEXT', null, null, N'N', null, N'40', N'0', N'Write-off Late Charge', null, N'N', N'Y', N'N', N'N', N'N', null, null, null, null, N'0', null, null, null, null, N'text-align:right;', null, N'TEXT', null, null, null, null, null, null, null, N'1', N'0', N'0', N'0', N'0', null, N'46ad2e51-d179-46a7-bb4f-00bc912e37f1', null, null, null, N'False', null)

INSERT INTO S_VIEW_TAB_ITEM(ITEM_ID, ITEM_NAME, TABLE_NAME, COLUMN_NAME, REQUIRED_FIELD, ITEM_TYPE, QUERY, HAS_CHILD, ALLOW_EMPTY, EMPTY_VALUE, ITEM_INDEX, ITEM_SUB_INDEX, ITEM_TITLE, DEFAULT_VALUE, IS_UPDATE, HAS_FUNCTION, IS_TABLE_UNIQUE, IS_AUDIT, IS_PROFILE, TRANSFORMATION_SCRIPT, PROP_IS_VISIBLE, PROP_IS_ACCESSIBLE, PROP_IS_EDITABLE, MODE_AVAILABLE, SUB_TITLE, WIDTH, HEIGHT, CLASS, STYLE, HREF, SUB_TYPE, DELETE_CLAUSE, MAX_LENGTH, ITEM_VALUE, GROUPING, FORMAT, REF_NAME, FILE_DIRECTORY, VALUE_ON, VALUE_OFF, HAS_WORKGROUP, AUDIT_HAS_WORKGROUP, IS_MAINTAINABLE, AUDIT_SERVER_SCRIPT_ID, TAB_ID, OWNER_ID, PROFILE_AREA_ID, REFERENCE_TABLE, DELAYED_LOAD_LIST, RELATION_ITEM) VALUES(N'477e2263-d5e1-4724-ad24-7b32005a4614', N'PWCOM', N'U_DUMMY', N'PWCOM', N'N', N'TEXT', null, null, N'N', null, N'50', N'0', N'Write-off Commitment Fee', null, N'N', N'Y', N'N', N'N', N'N', null, null, null, null, N'0', null, null, null, null, N'text-align:right;', null, N'TEXT', null, null, null, null, null, null, null, N'1', N'0', N'0', N'0', N'0', null, N'46ad2e51-d179-46a7-bb4f-00bc912e37f1', null, null, null, N'False', null)

INSERT INTO S_VIEW_TAB_ITEM(ITEM_ID, ITEM_NAME, TABLE_NAME, COLUMN_NAME, REQUIRED_FIELD, ITEM_TYPE, QUERY, HAS_CHILD, ALLOW_EMPTY, EMPTY_VALUE, ITEM_INDEX, ITEM_SUB_INDEX, ITEM_TITLE, DEFAULT_VALUE, IS_UPDATE, HAS_FUNCTION, IS_TABLE_UNIQUE, IS_AUDIT, IS_PROFILE, TRANSFORMATION_SCRIPT, PROP_IS_VISIBLE, PROP_IS_ACCESSIBLE, PROP_IS_EDITABLE, MODE_AVAILABLE, SUB_TITLE, WIDTH, HEIGHT, CLASS, STYLE, HREF, SUB_TYPE, DELETE_CLAUSE, MAX_LENGTH, ITEM_VALUE, GROUPING, FORMAT, REF_NAME, FILE_DIRECTORY, VALUE_ON, VALUE_OFF, HAS_WORKGROUP, AUDIT_HAS_WORKGROUP, IS_MAINTAINABLE, AUDIT_SERVER_SCRIPT_ID, TAB_ID, OWNER_ID, PROFILE_AREA_ID, REFERENCE_TABLE, DELAYED_LOAD_LIST, RELATION_ITEM) VALUES(N'9b94ee86-5370-490f-b324-c4fc84d0de18', N'PWOTHCHG', N'U_DUMMY', N'PWOTHCHG', N'N', N'TEXT', null, null, N'N', null, N'60', N'0', N'Write-off Other Charge', null, N'N', N'Y', N'N', N'N', N'N', null, null, null, null, N'0', null, null, null, null, N'text-align:right;', null, N'TEXT', null, null, null, null, null, null, null, N'1', N'0', N'0', N'0', N'0', null, N'46ad2e51-d179-46a7-bb4f-00bc912e37f1', null, null, null, N'False', null)

INSERT INTO S_VIEW_TAB_ITEM(ITEM_ID, ITEM_NAME, TABLE_NAME, COLUMN_NAME, REQUIRED_FIELD, ITEM_TYPE, QUERY, HAS_CHILD, ALLOW_EMPTY, EMPTY_VALUE, ITEM_INDEX, ITEM_SUB_INDEX, ITEM_TITLE, DEFAULT_VALUE, IS_UPDATE, HAS_FUNCTION, IS_TABLE_UNIQUE, IS_AUDIT, IS_PROFILE, TRANSFORMATION_SCRIPT, PROP_IS_VISIBLE, PROP_IS_ACCESSIBLE, PROP_IS_EDITABLE, MODE_AVAILABLE, SUB_TITLE, WIDTH, HEIGHT, CLASS, STYLE, HREF, SUB_TYPE, DELETE_CLAUSE, MAX_LENGTH, ITEM_VALUE, GROUPING, FORMAT, REF_NAME, FILE_DIRECTORY, VALUE_ON, VALUE_OFF, HAS_WORKGROUP, AUDIT_HAS_WORKGROUP, IS_MAINTAINABLE, AUDIT_SERVER_SCRIPT_ID, TAB_ID, OWNER_ID, PROFILE_AREA_ID, REFERENCE_TABLE, DELAYED_LOAD_LIST, RELATION_ITEM) VALUES(N'b064a207-e3b2-4b03-9582-62e602f14508', N'PWMISCD', N'U_DUMMY', N'PWMISCD', N'N', N'TEXT', null, null, N'N', null, N'70', N'0', N'Write-off Miscellaneous Charges', null, N'N', N'Y', N'N', N'N', N'N', null, null, null, null, N'0', null, null, null, null, N'text-align:right;', null, N'TEXT', null, null, null, null, null, null, null, N'1', N'0', N'0', N'0', N'0', null, N'46ad2e51-d179-46a7-bb4f-00bc912e37f1', null, null, null, N'False', null)

INSERT INTO S_VIEW_TAB_ITEM(ITEM_ID, ITEM_NAME, TABLE_NAME, COLUMN_NAME, REQUIRED_FIELD, ITEM_TYPE, QUERY, HAS_CHILD, ALLOW_EMPTY, EMPTY_VALUE, ITEM_INDEX, ITEM_SUB_INDEX, ITEM_TITLE, DEFAULT_VALUE, IS_UPDATE, HAS_FUNCTION, IS_TABLE_UNIQUE, IS_AUDIT, IS_PROFILE, TRANSFORMATION_SCRIPT, PROP_IS_VISIBLE, PROP_IS_ACCESSIBLE, PROP_IS_EDITABLE, MODE_AVAILABLE, SUB_TITLE, WIDTH, HEIGHT, CLASS, STYLE, HREF, SUB_TYPE, DELETE_CLAUSE, MAX_LENGTH, ITEM_VALUE, GROUPING, FORMAT, REF_NAME, FILE_DIRECTORY, VALUE_ON, VALUE_OFF, HAS_WORKGROUP, AUDIT_HAS_WORKGROUP, IS_MAINTAINABLE, AUDIT_SERVER_SCRIPT_ID, TAB_ID, OWNER_ID, PROFILE_AREA_ID, REFERENCE_TABLE, DELAYED_LOAD_LIST, RELATION_ITEM) VALUES(N'cc3bd01d-d1a0-46bd-b7b0-0da5f4513b9f', N'PWRESINT', N'U_DUMMY', N'PWRESINT', N'N', N'TEXT', null, null, N'N', null, N'80', N'0', N'Write-off Restructure Interest', null, N'N', N'Y', N'N', N'N', N'N', null, null, null, null, N'0', null, null, null, null, N'text-align:right;', null, N'TEXT', null, null, null, null, null, null, null, N'1', N'0', N'0', N'0', N'0', null, N'46ad2e51-d179-46a7-bb4f-00bc912e37f1', null, null, null, N'False', null)

INSERT INTO S_VIEW_TAB_ITEM(ITEM_ID, ITEM_NAME, TABLE_NAME, COLUMN_NAME, REQUIRED_FIELD, ITEM_TYPE, QUERY, HAS_CHILD, ALLOW_EMPTY, EMPTY_VALUE, ITEM_INDEX, ITEM_SUB_INDEX, ITEM_TITLE, DEFAULT_VALUE, IS_UPDATE, HAS_FUNCTION, IS_TABLE_UNIQUE, IS_AUDIT, IS_PROFILE, TRANSFORMATION_SCRIPT, PROP_IS_VISIBLE, PROP_IS_ACCESSIBLE, PROP_IS_EDITABLE, MODE_AVAILABLE, SUB_TITLE, WIDTH, HEIGHT, CLASS, STYLE, HREF, SUB_TYPE, DELETE_CLAUSE, MAX_LENGTH, ITEM_VALUE, GROUPING, FORMAT, REF_NAME, FILE_DIRECTORY, VALUE_ON, VALUE_OFF, HAS_WORKGROUP, AUDIT_HAS_WORKGROUP, IS_MAINTAINABLE, AUDIT_SERVER_SCRIPT_ID, TAB_ID, OWNER_ID, PROFILE_AREA_ID, REFERENCE_TABLE, DELAYED_LOAD_LIST, RELATION_ITEM) VALUES(N'64cdd9ba-2df7-4c63-afac-b3501041577e', N'PWRESLC', N'U_DUMMY', N'PWRESLC', N'N', N'TEXT', null, null, N'N', null, N'90', N'0', N'Write-off Restructure Late Charge', null, N'N', N'Y', N'N', N'N', N'N', null, null, null, null, N'0', null, null, null, null, N'text-align:right;', null, N'TEXT', null, null, null, null, null, null, null, N'1', N'0', N'0', N'0', N'0', null, N'46ad2e51-d179-46a7-bb4f-00bc912e37f1', null, null, null, N'False', null)

INSERT INTO S_VIEW_TAB_ITEM(ITEM_ID, ITEM_NAME, TABLE_NAME, COLUMN_NAME, REQUIRED_FIELD, ITEM_TYPE, QUERY, HAS_CHILD, ALLOW_EMPTY, EMPTY_VALUE, ITEM_INDEX, ITEM_SUB_INDEX, ITEM_TITLE, DEFAULT_VALUE, IS_UPDATE, HAS_FUNCTION, IS_TABLE_UNIQUE, IS_AUDIT, IS_PROFILE, TRANSFORMATION_SCRIPT, PROP_IS_VISIBLE, PROP_IS_ACCESSIBLE, PROP_IS_EDITABLE, MODE_AVAILABLE, SUB_TITLE, WIDTH, HEIGHT, CLASS, STYLE, HREF, SUB_TYPE, DELETE_CLAUSE, MAX_LENGTH, ITEM_VALUE, GROUPING, FORMAT, REF_NAME, FILE_DIRECTORY, VALUE_ON, VALUE_OFF, HAS_WORKGROUP, AUDIT_HAS_WORKGROUP, IS_MAINTAINABLE, AUDIT_SERVER_SCRIPT_ID, TAB_ID, OWNER_ID, PROFILE_AREA_ID, REFERENCE_TABLE, DELAYED_LOAD_LIST, RELATION_ITEM) VALUES(N'3bb80e66-1d76-4226-ba7e-8312f64eace5', N'PWMORINT', N'U_DUMMY', N'PWMORINT', N'N', N'TEXT', null, null, N'N', null, N'100', N'0', N'Write-off Accrued Moratorium Interest', null, N'N', N'Y', N'N', N'N', N'N', null, null, null, null, N'0', null, null, null, null, N'text-align:right;', null, N'TEXT', null, null, null, null, null, null, null, N'1', N'0', N'0', N'0', N'0', null, N'46ad2e51-d179-46a7-bb4f-00bc912e37f1', null, null, null, N'False', null)

INSERT INTO S_VIEW_TAB_ITEM(ITEM_ID, ITEM_NAME, TABLE_NAME, COLUMN_NAME, REQUIRED_FIELD, ITEM_TYPE, QUERY, HAS_CHILD, ALLOW_EMPTY, EMPTY_VALUE, ITEM_INDEX, ITEM_SUB_INDEX, ITEM_TITLE, DEFAULT_VALUE, IS_UPDATE, HAS_FUNCTION, IS_TABLE_UNIQUE, IS_AUDIT, IS_PROFILE, TRANSFORMATION_SCRIPT, PROP_IS_VISIBLE, PROP_IS_ACCESSIBLE, PROP_IS_EDITABLE, MODE_AVAILABLE, SUB_TITLE, WIDTH, HEIGHT, CLASS, STYLE, HREF, SUB_TYPE, DELETE_CLAUSE, MAX_LENGTH, ITEM_VALUE, GROUPING, FORMAT, REF_NAME, FILE_DIRECTORY, VALUE_ON, VALUE_OFF, HAS_WORKGROUP, AUDIT_HAS_WORKGROUP, IS_MAINTAINABLE, AUDIT_SERVER_SCRIPT_ID, TAB_ID, OWNER_ID, PROFILE_AREA_ID, REFERENCE_TABLE, DELAYED_LOAD_LIST, RELATION_ITEM) VALUES(N'97425f9c-ab2d-44ac-9ff8-309f59d18ddf', N'PWADVPMT', N'U_DUMMY', N'PWADVPMT', N'N', N'TEXT', null, null, N'N', null, N'110', N'0', N'Write-off Advance Payment', null, N'N', N'Y', N'N', N'N', N'N', null, null, null, null, N'0', null, null, null, null, N'text-align:right;', null, N'TEXT', null, null, null, null, null, null, null, N'1', N'0', N'0', N'0', N'0', null, N'46ad2e51-d179-46a7-bb4f-00bc912e37f1', null, null, null, N'False', null)

INSERT INTO S_VIEW_TAB_ITEM(ITEM_ID, ITEM_NAME, TABLE_NAME, COLUMN_NAME, REQUIRED_FIELD, ITEM_TYPE, QUERY, HAS_CHILD, ALLOW_EMPTY, EMPTY_VALUE, ITEM_INDEX, ITEM_SUB_INDEX, ITEM_TITLE, DEFAULT_VALUE, IS_UPDATE, HAS_FUNCTION, IS_TABLE_UNIQUE, IS_AUDIT, IS_PROFILE, TRANSFORMATION_SCRIPT, PROP_IS_VISIBLE, PROP_IS_ACCESSIBLE, PROP_IS_EDITABLE, MODE_AVAILABLE, SUB_TITLE, WIDTH, HEIGHT, CLASS, STYLE, HREF, SUB_TYPE, DELETE_CLAUSE, MAX_LENGTH, ITEM_VALUE, GROUPING, FORMAT, REF_NAME, FILE_DIRECTORY, VALUE_ON, VALUE_OFF, HAS_WORKGROUP, AUDIT_HAS_WORKGROUP, IS_MAINTAINABLE, AUDIT_SERVER_SCRIPT_ID, TAB_ID, OWNER_ID, PROFILE_AREA_ID, REFERENCE_TABLE, DELAYED_LOAD_LIST, RELATION_ITEM) VALUES(N'b9c5f3ce-4425-4462-90d6-4477bf5c54ae', N'PWCURPO', N'U_DUMMY', N'PWCURPO', N'N', N'TEXT', null, null, N'N', null, N'120', N'0', N'Write-off Total Outstanding', null, N'N', N'Y', N'N', N'N', N'N', null, null, null, null, N'0', null, null, null, null, N'text-align:right;', null, N'TEXT', null, null, null, null, null, null, null, N'1', N'0', N'0', N'0', N'0', null, N'46ad2e51-d179-46a7-bb4f-00bc912e37f1', null, null, null, N'False', null)

INSERT INTO S_VIEW_TAB_ITEM(ITEM_ID, ITEM_NAME, TABLE_NAME, COLUMN_NAME, REQUIRED_FIELD, ITEM_TYPE, QUERY, HAS_CHILD, ALLOW_EMPTY, EMPTY_VALUE, ITEM_INDEX, ITEM_SUB_INDEX, ITEM_TITLE, DEFAULT_VALUE, IS_UPDATE, HAS_FUNCTION, IS_TABLE_UNIQUE, IS_AUDIT, IS_PROFILE, TRANSFORMATION_SCRIPT, PROP_IS_VISIBLE, PROP_IS_ACCESSIBLE, PROP_IS_EDITABLE, MODE_AVAILABLE, SUB_TITLE, WIDTH, HEIGHT, CLASS, STYLE, HREF, SUB_TYPE, DELETE_CLAUSE, MAX_LENGTH, ITEM_VALUE, GROUPING, FORMAT, REF_NAME, FILE_DIRECTORY, VALUE_ON, VALUE_OFF, HAS_WORKGROUP, AUDIT_HAS_WORKGROUP, IS_MAINTAINABLE, AUDIT_SERVER_SCRIPT_ID, TAB_ID, OWNER_ID, PROFILE_AREA_ID, REFERENCE_TABLE, DELAYED_LOAD_LIST, RELATION_ITEM) VALUES(N'c0059766-24f7-4f8c-98ee-dce1e2c49d8c', N'PWDT8', N'U_DUMMY', N'PWDT8', N'Y', N'TEXT', null, null, N'N', null, N'130', N'0', N'Write-off Date', null, N'N', N'Y', N'N', N'N', N'N', null, null, null, null, N'0', null, null, null, null, null, null, N'TEXT', null, null, null, null, N'DATE', null, null, N'1', N'0', N'0', N'0', N'0', null, N'46ad2e51-d179-46a7-bb4f-00bc912e37f1', null, null, null, N'False', null)

INSERT INTO S_VIEW_TAB_ITEM(ITEM_ID, ITEM_NAME, TABLE_NAME, COLUMN_NAME, REQUIRED_FIELD, ITEM_TYPE, QUERY, HAS_CHILD, ALLOW_EMPTY, EMPTY_VALUE, ITEM_INDEX, ITEM_SUB_INDEX, ITEM_TITLE, DEFAULT_VALUE, IS_UPDATE, HAS_FUNCTION, IS_TABLE_UNIQUE, IS_AUDIT, IS_PROFILE, TRANSFORMATION_SCRIPT, PROP_IS_VISIBLE, PROP_IS_ACCESSIBLE, PROP_IS_EDITABLE, MODE_AVAILABLE, SUB_TITLE, WIDTH, HEIGHT, CLASS, STYLE, HREF, SUB_TYPE, DELETE_CLAUSE, MAX_LENGTH, ITEM_VALUE, GROUPING, FORMAT, REF_NAME, FILE_DIRECTORY, VALUE_ON, VALUE_OFF, HAS_WORKGROUP, AUDIT_HAS_WORKGROUP, IS_MAINTAINABLE, AUDIT_SERVER_SCRIPT_ID, TAB_ID, OWNER_ID, PROFILE_AREA_ID, REFERENCE_TABLE, DELAYED_LOAD_LIST, RELATION_ITEM) VALUES(N'f4fee22d-91d0-4b6e-9007-fa08f8fb9caa', N'PWDT8B', N'U_DUMMY', null, N'N', N'BUTTON', null, null, N'N', null, N'130', N'10', N'', null, N'N', N'Y', N'N', N'N', N'N', null, null, null, null, N'0', N'<img src=buttons/cal.gif style=margin-left:0px;margin-top:1px border=0>', null, null, null, null, null, null, null, null, null, null, null, null, null, N'1', N'0', N'0', N'0', N'0', null, N'46ad2e51-d179-46a7-bb4f-00bc912e37f1', null, null, null, N'False', null)

INSERT INTO S_VIEW_TAB_ITEM(ITEM_ID, ITEM_NAME, TABLE_NAME, COLUMN_NAME, REQUIRED_FIELD, ITEM_TYPE, QUERY, HAS_CHILD, ALLOW_EMPTY, EMPTY_VALUE, ITEM_INDEX, ITEM_SUB_INDEX, ITEM_TITLE, DEFAULT_VALUE, IS_UPDATE, HAS_FUNCTION, IS_TABLE_UNIQUE, IS_AUDIT, IS_PROFILE, TRANSFORMATION_SCRIPT, PROP_IS_VISIBLE, PROP_IS_ACCESSIBLE, PROP_IS_EDITABLE, MODE_AVAILABLE, SUB_TITLE, WIDTH, HEIGHT, CLASS, STYLE, HREF, SUB_TYPE, DELETE_CLAUSE, MAX_LENGTH, ITEM_VALUE, GROUPING, FORMAT, REF_NAME, FILE_DIRECTORY, VALUE_ON, VALUE_OFF, HAS_WORKGROUP, AUDIT_HAS_WORKGROUP, IS_MAINTAINABLE, AUDIT_SERVER_SCRIPT_ID, TAB_ID, OWNER_ID, PROFILE_AREA_ID, REFERENCE_TABLE, DELAYED_LOAD_LIST, RELATION_ITEM) VALUES(N'8bc4d680-d7c9-4267-81a5-90e5f1f6ac50', N'PWDT8D', N'U_DUMMY', null, N'N', N'TEXT', null, null, N'N', null, N'130', N'20', N'', null, N'N', null, N'N', N'N', N'N', null, null, null, null, N'0', null, null, null, null, null, null, N'TEXT', null, null, null, null, null, null, null, N'1', N'0', N'0', N'0', N'0', null, N'46ad2e51-d179-46a7-bb4f-00bc912e37f1', null, null, null, N'False', null)

begin tran
                                           UPDATE S_LANGUAGE_OBJECT_VALUE SET ID=N'ca5266c3-2c36-49df-a46b-d52891198e45', OBJECT_ID=N'b4ad29d9-3a81-4aad-82dc-a45f4cfbf282', LANGUAGE_ID=N'2dad38f9-a30c-4c69-9c8f-c3a74c20fdf1', VALUE=N'Account Number', RECORD_ID=N'f9a55ccf-6bae-4214-b7b8-ef92ae56ff35', ITEM_ID=N'5a19c4df-c4de-4e5a-9190-3eb003a5ec9e' WHERE ID = 'ca5266c3-2c36-49df-a46b-d52891198e45'

                                           if @@rowcount = 0
                                           begin
                                                  INSERT INTO S_LANGUAGE_OBJECT_VALUE(ID, OBJECT_ID, LANGUAGE_ID, VALUE, RECORD_ID, ITEM_ID) VALUES(N'ca5266c3-2c36-49df-a46b-d52891198e45', N'b4ad29d9-3a81-4aad-82dc-a45f4cfbf282', N'2dad38f9-a30c-4c69-9c8f-c3a74c20fdf1', N'Account Number', N'f9a55ccf-6bae-4214-b7b8-ef92ae56ff35', N'5a19c4df-c4de-4e5a-9190-3eb003a5ec9e')
                                           end
                                        commit tran

begin tran
                                           UPDATE S_LANGUAGE_OBJECT_VALUE SET ID=N'5073f2a7-5920-4e0d-a1bb-cf97d63e0c39', OBJECT_ID=N'b4ad29d9-3a81-4aad-82dc-a45f4cfbf282', LANGUAGE_ID=N'2dad38f9-a30c-4c69-9c8f-c3a74c20fdf1', VALUE=N'Write-off Current Balance ', RECORD_ID=N'0a823da5-7669-449b-8af2-9f9d706328fa', ITEM_ID=N'5a19c4df-c4de-4e5a-9190-3eb003a5ec9e' WHERE ID = '5073f2a7-5920-4e0d-a1bb-cf97d63e0c39'

                                           if @@rowcount = 0
                                           begin
                                                  INSERT INTO S_LANGUAGE_OBJECT_VALUE(ID, OBJECT_ID, LANGUAGE_ID, VALUE, RECORD_ID, ITEM_ID) VALUES(N'5073f2a7-5920-4e0d-a1bb-cf97d63e0c39', N'b4ad29d9-3a81-4aad-82dc-a45f4cfbf282', N'2dad38f9-a30c-4c69-9c8f-c3a74c20fdf1', N'Write-off Current Balance ', N'0a823da5-7669-449b-8af2-9f9d706328fa', N'5a19c4df-c4de-4e5a-9190-3eb003a5ec9e')
                                           end
                                        commit tran

INSERT INTO S_VIEW_TAB_ITEM_ACTION(ACTION_ID, ON_EVENT, PARAMETERS, ITEM_INDEX, FUNCTION_ID, ITEM_ID) VALUES(N'4fce9936-028c-4d36-a757-55568dc8be2b', N'KEYPRESS', N''''',''N2'',true', null, N'61a7ab44-7d5e-4eef-95b0-2916417f11e1', N'0a823da5-7669-449b-8af2-9f9d706328fa')

INSERT INTO S_VIEW_TAB_ITEM_ACTION(ACTION_ID, ON_EVENT, PARAMETERS, ITEM_INDEX, FUNCTION_ID, ITEM_ID) VALUES(N'6179c1c3-b815-4e07-a875-90150320e371', N'BLUR', N'''PWCBAL'','''',''N2''', null, N'289f70a1-0e9c-4adf-8a38-b206b7c44c22', N'0a823da5-7669-449b-8af2-9f9d706328fa')

INSERT INTO S_VIEW_TAB_ITEM_ACTION(ACTION_ID, ON_EVENT, PARAMETERS, ITEM_INDEX, FUNCTION_ID, ITEM_ID) VALUES(N'404f3968-ba72-42b2-90e2-e17e97b16cc5', N'onValidate', null, null, N'50b0df13-b9ba-4d2c-880e-afb14f85f3b6', N'0a823da5-7669-449b-8af2-9f9d706328fa')

begin tran
                                           UPDATE S_LANGUAGE_OBJECT_VALUE SET ID=N'1c2a0cd2-49b5-4ca2-a9e3-06b487a3698d', OBJECT_ID=N'b4ad29d9-3a81-4aad-82dc-a45f4cfbf282', LANGUAGE_ID=N'2dad38f9-a30c-4c69-9c8f-c3a74c20fdf1', VALUE=N'Write-off Accrued Interest', RECORD_ID=N'b20b2e7c-4d11-42f3-b760-119b9c1c8e0b', ITEM_ID=N'5a19c4df-c4de-4e5a-9190-3eb003a5ec9e' WHERE ID = '1c2a0cd2-49b5-4ca2-a9e3-06b487a3698d'

                                           if @@rowcount = 0
                                           begin
                                                  INSERT INTO S_LANGUAGE_OBJECT_VALUE(ID, OBJECT_ID, LANGUAGE_ID, VALUE, RECORD_ID, ITEM_ID) VALUES(N'1c2a0cd2-49b5-4ca2-a9e3-06b487a3698d', N'b4ad29d9-3a81-4aad-82dc-a45f4cfbf282', N'2dad38f9-a30c-4c69-9c8f-c3a74c20fdf1', N'Write-off Accrued Interest', N'b20b2e7c-4d11-42f3-b760-119b9c1c8e0b', N'5a19c4df-c4de-4e5a-9190-3eb003a5ec9e')
                                           end
                                        commit tran

INSERT INTO S_VIEW_TAB_ITEM_ACTION(ACTION_ID, ON_EVENT, PARAMETERS, ITEM_INDEX, FUNCTION_ID, ITEM_ID) VALUES(N'92bc944d-143d-4495-833a-633a0298ecd6', N'KEYPRESS', N''''',''N2'',true', null, N'61a7ab44-7d5e-4eef-95b0-2916417f11e1', N'b20b2e7c-4d11-42f3-b760-119b9c1c8e0b')

INSERT INTO S_VIEW_TAB_ITEM_ACTION(ACTION_ID, ON_EVENT, PARAMETERS, ITEM_INDEX, FUNCTION_ID, ITEM_ID) VALUES(N'f905a424-ed2e-4b1b-8045-bfdb40262379', N'BLUR', N'''PWACCINT'','''',''N2''', null, N'289f70a1-0e9c-4adf-8a38-b206b7c44c22', N'b20b2e7c-4d11-42f3-b760-119b9c1c8e0b')

INSERT INTO S_VIEW_TAB_ITEM_ACTION(ACTION_ID, ON_EVENT, PARAMETERS, ITEM_INDEX, FUNCTION_ID, ITEM_ID) VALUES(N'2fdf8d92-1823-4711-add7-c4d48dc317b6', N'onValidate', null, N'0', N'50b0df13-b9ba-4d2c-880e-afb14f85f3b6', N'b20b2e7c-4d11-42f3-b760-119b9c1c8e0b')

begin tran
                                           UPDATE S_LANGUAGE_OBJECT_VALUE SET ID=N'43f38743-d66c-4c47-88be-796ab050f3d2', OBJECT_ID=N'b4ad29d9-3a81-4aad-82dc-a45f4cfbf282', LANGUAGE_ID=N'2dad38f9-a30c-4c69-9c8f-c3a74c20fdf1', VALUE=N'Write-off Bank Discount', RECORD_ID=N'60033fd9-8951-4814-bcb1-22fc36f2e99f', ITEM_ID=N'5a19c4df-c4de-4e5a-9190-3eb003a5ec9e' WHERE ID = '43f38743-d66c-4c47-88be-796ab050f3d2'

                                           if @@rowcount = 0
                                           begin
                                                  INSERT INTO S_LANGUAGE_OBJECT_VALUE(ID, OBJECT_ID, LANGUAGE_ID, VALUE, RECORD_ID, ITEM_ID) VALUES(N'43f38743-d66c-4c47-88be-796ab050f3d2', N'b4ad29d9-3a81-4aad-82dc-a45f4cfbf282', N'2dad38f9-a30c-4c69-9c8f-c3a74c20fdf1', N'Write-off Bank Discount', N'60033fd9-8951-4814-bcb1-22fc36f2e99f', N'5a19c4df-c4de-4e5a-9190-3eb003a5ec9e')
                                           end
                                        commit tran

INSERT INTO S_VIEW_TAB_ITEM_ACTION(ACTION_ID, ON_EVENT, PARAMETERS, ITEM_INDEX, FUNCTION_ID, ITEM_ID) VALUES(N'9f8276c3-3057-421a-a02f-0ee1a0c702d1', N'BLUR', N'''PWBKSC'','''',''N2''', null, N'289f70a1-0e9c-4adf-8a38-b206b7c44c22', N'60033fd9-8951-4814-bcb1-22fc36f2e99f')

INSERT INTO S_VIEW_TAB_ITEM_ACTION(ACTION_ID, ON_EVENT, PARAMETERS, ITEM_INDEX, FUNCTION_ID, ITEM_ID) VALUES(N'02b3f79d-e10d-4fdb-8b7a-a8b50cc7c41d', N'KEYPRESS', N''''',''N2'',true', null, N'61a7ab44-7d5e-4eef-95b0-2916417f11e1', N'60033fd9-8951-4814-bcb1-22fc36f2e99f')

begin tran
                                           UPDATE S_LANGUAGE_OBJECT_VALUE SET ID=N'7b2f0cf9-9caf-4236-a5a4-92ff217a9a7b', OBJECT_ID=N'b4ad29d9-3a81-4aad-82dc-a45f4cfbf282', LANGUAGE_ID=N'2dad38f9-a30c-4c69-9c8f-c3a74c20fdf1', VALUE=N'Write-off Interest Rebate', RECORD_ID=N'9336018e-58df-40f0-a16f-38586be4f2fc', ITEM_ID=N'5a19c4df-c4de-4e5a-9190-3eb003a5ec9e' WHERE ID = '7b2f0cf9-9caf-4236-a5a4-92ff217a9a7b'

                                           if @@rowcount = 0
                                           begin
                                                  INSERT INTO S_LANGUAGE_OBJECT_VALUE(ID, OBJECT_ID, LANGUAGE_ID, VALUE, RECORD_ID, ITEM_ID) VALUES(N'7b2f0cf9-9caf-4236-a5a4-92ff217a9a7b', N'b4ad29d9-3a81-4aad-82dc-a45f4cfbf282', N'2dad38f9-a30c-4c69-9c8f-c3a74c20fdf1', N'Write-off Interest Rebate', N'9336018e-58df-40f0-a16f-38586be4f2fc', N'5a19c4df-c4de-4e5a-9190-3eb003a5ec9e')
                                           end
                                        commit tran

INSERT INTO S_VIEW_TAB_ITEM_ACTION(ACTION_ID, ON_EVENT, PARAMETERS, ITEM_INDEX, FUNCTION_ID, ITEM_ID) VALUES(N'000837fd-a650-41b2-afdc-bb40f6ad9841', N'KEYPRESS', N''''',''N2'',true', null, N'61a7ab44-7d5e-4eef-95b0-2916417f11e1', N'9336018e-58df-40f0-a16f-38586be4f2fc')

INSERT INTO S_VIEW_TAB_ITEM_ACTION(ACTION_ID, ON_EVENT, PARAMETERS, ITEM_INDEX, FUNCTION_ID, ITEM_ID) VALUES(N'59f9a502-f2a7-4e32-b8fd-cf2f99a2de7a', N'BLUR', N'''PWINTR'','''',''N2''', null, N'289f70a1-0e9c-4adf-8a38-b206b7c44c22', N'9336018e-58df-40f0-a16f-38586be4f2fc')

begin tran
                                           UPDATE S_LANGUAGE_OBJECT_VALUE SET ID=N'a6723efe-c64d-48c7-87e7-30cd4d0613b2', OBJECT_ID=N'b4ad29d9-3a81-4aad-82dc-a45f4cfbf282', LANGUAGE_ID=N'2dad38f9-a30c-4c69-9c8f-c3a74c20fdf1', VALUE=N'Write-off Late Charge', RECORD_ID=N'9b4e3a01-1724-40db-98f6-56be3678aef7', ITEM_ID=N'5a19c4df-c4de-4e5a-9190-3eb003a5ec9e' WHERE ID = 'a6723efe-c64d-48c7-87e7-30cd4d0613b2'

                                           if @@rowcount = 0
                                           begin
                                                  INSERT INTO S_LANGUAGE_OBJECT_VALUE(ID, OBJECT_ID, LANGUAGE_ID, VALUE, RECORD_ID, ITEM_ID) VALUES(N'a6723efe-c64d-48c7-87e7-30cd4d0613b2', N'b4ad29d9-3a81-4aad-82dc-a45f4cfbf282', N'2dad38f9-a30c-4c69-9c8f-c3a74c20fdf1', N'Write-off Late Charge', N'9b4e3a01-1724-40db-98f6-56be3678aef7', N'5a19c4df-c4de-4e5a-9190-3eb003a5ec9e')
                                           end
                                        commit tran

INSERT INTO S_VIEW_TAB_ITEM_ACTION(ACTION_ID, ON_EVENT, PARAMETERS, ITEM_INDEX, FUNCTION_ID, ITEM_ID) VALUES(N'987d43e1-82dc-439e-ada2-04b20875f41b', N'KEYPRESS', N''''',''N2'',true', null, N'61a7ab44-7d5e-4eef-95b0-2916417f11e1', N'9b4e3a01-1724-40db-98f6-56be3678aef7')

INSERT INTO S_VIEW_TAB_ITEM_ACTION(ACTION_ID, ON_EVENT, PARAMETERS, ITEM_INDEX, FUNCTION_ID, ITEM_ID) VALUES(N'4485085c-5cf6-4e23-9c45-b98884563a82', N'BLUR', N'''PWLC'','''',''N2''', null, N'289f70a1-0e9c-4adf-8a38-b206b7c44c22', N'9b4e3a01-1724-40db-98f6-56be3678aef7')

begin tran
                                           UPDATE S_LANGUAGE_OBJECT_VALUE SET ID=N'92b7b511-1340-4bc0-bad6-2f4fc3f41478', OBJECT_ID=N'b4ad29d9-3a81-4aad-82dc-a45f4cfbf282', LANGUAGE_ID=N'2dad38f9-a30c-4c69-9c8f-c3a74c20fdf1', VALUE=N'Write-off Commitment Fee', RECORD_ID=N'477e2263-d5e1-4724-ad24-7b32005a4614', ITEM_ID=N'5a19c4df-c4de-4e5a-9190-3eb003a5ec9e' WHERE ID = '92b7b511-1340-4bc0-bad6-2f4fc3f41478'

                                           if @@rowcount = 0
                                           begin
                                                  INSERT INTO S_LANGUAGE_OBJECT_VALUE(ID, OBJECT_ID, LANGUAGE_ID, VALUE, RECORD_ID, ITEM_ID) VALUES(N'92b7b511-1340-4bc0-bad6-2f4fc3f41478', N'b4ad29d9-3a81-4aad-82dc-a45f4cfbf282', N'2dad38f9-a30c-4c69-9c8f-c3a74c20fdf1', N'Write-off Commitment Fee', N'477e2263-d5e1-4724-ad24-7b32005a4614', N'5a19c4df-c4de-4e5a-9190-3eb003a5ec9e')
                                           end
                                        commit tran

INSERT INTO S_VIEW_TAB_ITEM_ACTION(ACTION_ID, ON_EVENT, PARAMETERS, ITEM_INDEX, FUNCTION_ID, ITEM_ID) VALUES(N'5c6f7fda-ce5a-4052-9a79-3b05076590e8', N'BLUR', N'''PWCOM'','''',''N2''', null, N'289f70a1-0e9c-4adf-8a38-b206b7c44c22', N'477e2263-d5e1-4724-ad24-7b32005a4614')

INSERT INTO S_VIEW_TAB_ITEM_ACTION(ACTION_ID, ON_EVENT, PARAMETERS, ITEM_INDEX, FUNCTION_ID, ITEM_ID) VALUES(N'52677463-0029-4b70-ad97-72c7ab6e106b', N'KEYPRESS', N''''',''N2'',true', null, N'61a7ab44-7d5e-4eef-95b0-2916417f11e1', N'477e2263-d5e1-4724-ad24-7b32005a4614')

begin tran
                                           UPDATE S_LANGUAGE_OBJECT_VALUE SET ID=N'607bcea4-af6f-4246-b31a-fc7184a4a6c5', OBJECT_ID=N'b4ad29d9-3a81-4aad-82dc-a45f4cfbf282', LANGUAGE_ID=N'2dad38f9-a30c-4c69-9c8f-c3a74c20fdf1', VALUE=N'Write-off Other Charge', RECORD_ID=N'9b94ee86-5370-490f-b324-c4fc84d0de18', ITEM_ID=N'5a19c4df-c4de-4e5a-9190-3eb003a5ec9e' WHERE ID = '607bcea4-af6f-4246-b31a-fc7184a4a6c5'

                                           if @@rowcount = 0
                                           begin
                                                  INSERT INTO S_LANGUAGE_OBJECT_VALUE(ID, OBJECT_ID, LANGUAGE_ID, VALUE, RECORD_ID, ITEM_ID) VALUES(N'607bcea4-af6f-4246-b31a-fc7184a4a6c5', N'b4ad29d9-3a81-4aad-82dc-a45f4cfbf282', N'2dad38f9-a30c-4c69-9c8f-c3a74c20fdf1', N'Write-off Other Charge', N'9b94ee86-5370-490f-b324-c4fc84d0de18', N'5a19c4df-c4de-4e5a-9190-3eb003a5ec9e')
                                           end
                                        commit tran

INSERT INTO S_VIEW_TAB_ITEM_ACTION(ACTION_ID, ON_EVENT, PARAMETERS, ITEM_INDEX, FUNCTION_ID, ITEM_ID) VALUES(N'07fe618e-a988-498b-a6fa-10ec576b117b', N'KEYPRESS', N''''',''N2'',true', null, N'61a7ab44-7d5e-4eef-95b0-2916417f11e1', N'9b94ee86-5370-490f-b324-c4fc84d0de18')

INSERT INTO S_VIEW_TAB_ITEM_ACTION(ACTION_ID, ON_EVENT, PARAMETERS, ITEM_INDEX, FUNCTION_ID, ITEM_ID) VALUES(N'06a54307-a27c-44c1-a20b-8110ab18895b', N'BLUR', N'''PWOTHCHG'','''',''N2''', null, N'289f70a1-0e9c-4adf-8a38-b206b7c44c22', N'9b94ee86-5370-490f-b324-c4fc84d0de18')

begin tran
                                           UPDATE S_LANGUAGE_OBJECT_VALUE SET ID=N'90c238fd-cbd7-4d5a-adb7-a5922ce0b53c', OBJECT_ID=N'b4ad29d9-3a81-4aad-82dc-a45f4cfbf282', LANGUAGE_ID=N'2dad38f9-a30c-4c69-9c8f-c3a74c20fdf1', VALUE=N'Write-off Miscellaneous Charges', RECORD_ID=N'b064a207-e3b2-4b03-9582-62e602f14508', ITEM_ID=N'5a19c4df-c4de-4e5a-9190-3eb003a5ec9e' WHERE ID = '90c238fd-cbd7-4d5a-adb7-a5922ce0b53c'

                                           if @@rowcount = 0
                                           begin
                                                  INSERT INTO S_LANGUAGE_OBJECT_VALUE(ID, OBJECT_ID, LANGUAGE_ID, VALUE, RECORD_ID, ITEM_ID) VALUES(N'90c238fd-cbd7-4d5a-adb7-a5922ce0b53c', N'b4ad29d9-3a81-4aad-82dc-a45f4cfbf282', N'2dad38f9-a30c-4c69-9c8f-c3a74c20fdf1', N'Write-off Miscellaneous Charges', N'b064a207-e3b2-4b03-9582-62e602f14508', N'5a19c4df-c4de-4e5a-9190-3eb003a5ec9e')
                                           end
                                        commit tran

INSERT INTO S_VIEW_TAB_ITEM_ACTION(ACTION_ID, ON_EVENT, PARAMETERS, ITEM_INDEX, FUNCTION_ID, ITEM_ID) VALUES(N'30f5a62d-3827-4ef6-a696-a6e6dcea527e', N'KEYPRESS', N''''',''N2'',true', null, N'61a7ab44-7d5e-4eef-95b0-2916417f11e1', N'b064a207-e3b2-4b03-9582-62e602f14508')

INSERT INTO S_VIEW_TAB_ITEM_ACTION(ACTION_ID, ON_EVENT, PARAMETERS, ITEM_INDEX, FUNCTION_ID, ITEM_ID) VALUES(N'09b5c45a-b81e-4f45-8ef6-e2f27008073c', N'BLUR', N'''PWMISCD'','''',''N2''', null, N'289f70a1-0e9c-4adf-8a38-b206b7c44c22', N'b064a207-e3b2-4b03-9582-62e602f14508')

begin tran
                                           UPDATE S_LANGUAGE_OBJECT_VALUE SET ID=N'8cecfdca-9603-46b0-b1ed-e799c317426b', OBJECT_ID=N'b4ad29d9-3a81-4aad-82dc-a45f4cfbf282', LANGUAGE_ID=N'2dad38f9-a30c-4c69-9c8f-c3a74c20fdf1', VALUE=N'Write-off Restructure Interest', RECORD_ID=N'cc3bd01d-d1a0-46bd-b7b0-0da5f4513b9f', ITEM_ID=N'5a19c4df-c4de-4e5a-9190-3eb003a5ec9e' WHERE ID = '8cecfdca-9603-46b0-b1ed-e799c317426b'

                                           if @@rowcount = 0
                                           begin
                                                  INSERT INTO S_LANGUAGE_OBJECT_VALUE(ID, OBJECT_ID, LANGUAGE_ID, VALUE, RECORD_ID, ITEM_ID) VALUES(N'8cecfdca-9603-46b0-b1ed-e799c317426b', N'b4ad29d9-3a81-4aad-82dc-a45f4cfbf282', N'2dad38f9-a30c-4c69-9c8f-c3a74c20fdf1', N'Write-off Restructure Interest', N'cc3bd01d-d1a0-46bd-b7b0-0da5f4513b9f', N'5a19c4df-c4de-4e5a-9190-3eb003a5ec9e')
                                           end
                                        commit tran

INSERT INTO S_VIEW_TAB_ITEM_ACTION(ACTION_ID, ON_EVENT, PARAMETERS, ITEM_INDEX, FUNCTION_ID, ITEM_ID) VALUES(N'acf0de8f-116b-44b9-ac3c-07bdd45c8982', N'KEYPRESS', N''''',''N2'',true', null, N'61a7ab44-7d5e-4eef-95b0-2916417f11e1', N'cc3bd01d-d1a0-46bd-b7b0-0da5f4513b9f')

INSERT INTO S_VIEW_TAB_ITEM_ACTION(ACTION_ID, ON_EVENT, PARAMETERS, ITEM_INDEX, FUNCTION_ID, ITEM_ID) VALUES(N'b0b40c10-250a-43b3-841c-f8b832800840', N'BLUR', N'''PWRESINT'','''',''N2''', null, N'289f70a1-0e9c-4adf-8a38-b206b7c44c22', N'cc3bd01d-d1a0-46bd-b7b0-0da5f4513b9f')

begin tran
                                           UPDATE S_LANGUAGE_OBJECT_VALUE SET ID=N'b29c0969-5d51-43c5-b44a-d83f5b742944', OBJECT_ID=N'b4ad29d9-3a81-4aad-82dc-a45f4cfbf282', LANGUAGE_ID=N'2dad38f9-a30c-4c69-9c8f-c3a74c20fdf1', VALUE=N'Write-off Restructure Late Charge', RECORD_ID=N'64cdd9ba-2df7-4c63-afac-b3501041577e', ITEM_ID=N'5a19c4df-c4de-4e5a-9190-3eb003a5ec9e' WHERE ID = 'b29c0969-5d51-43c5-b44a-d83f5b742944'

                                           if @@rowcount = 0
                                           begin
                                                  INSERT INTO S_LANGUAGE_OBJECT_VALUE(ID, OBJECT_ID, LANGUAGE_ID, VALUE, RECORD_ID, ITEM_ID) VALUES(N'b29c0969-5d51-43c5-b44a-d83f5b742944', N'b4ad29d9-3a81-4aad-82dc-a45f4cfbf282', N'2dad38f9-a30c-4c69-9c8f-c3a74c20fdf1', N'Write-off Restructure Late Charge', N'64cdd9ba-2df7-4c63-afac-b3501041577e', N'5a19c4df-c4de-4e5a-9190-3eb003a5ec9e')
                                           end
                                        commit tran

INSERT INTO S_VIEW_TAB_ITEM_ACTION(ACTION_ID, ON_EVENT, PARAMETERS, ITEM_INDEX, FUNCTION_ID, ITEM_ID) VALUES(N'2dc442c1-a6e1-4083-aa69-255d084f1485', N'KEYPRESS', N''''',''N2'',true', null, N'61a7ab44-7d5e-4eef-95b0-2916417f11e1', N'64cdd9ba-2df7-4c63-afac-b3501041577e')

INSERT INTO S_VIEW_TAB_ITEM_ACTION(ACTION_ID, ON_EVENT, PARAMETERS, ITEM_INDEX, FUNCTION_ID, ITEM_ID) VALUES(N'beaad7b9-9fa0-4468-9b77-98f7ae328a00', N'BLUR', N'''PWRESLC'','''',''N2''', null, N'289f70a1-0e9c-4adf-8a38-b206b7c44c22', N'64cdd9ba-2df7-4c63-afac-b3501041577e')

begin tran
                                           UPDATE S_LANGUAGE_OBJECT_VALUE SET ID=N'ea9bdee4-64eb-493d-9e38-8e80fac3cfc9', OBJECT_ID=N'b4ad29d9-3a81-4aad-82dc-a45f4cfbf282', LANGUAGE_ID=N'2dad38f9-a30c-4c69-9c8f-c3a74c20fdf1', VALUE=N'Write-off Accrued Moratorium Interest', RECORD_ID=N'3bb80e66-1d76-4226-ba7e-8312f64eace5', ITEM_ID=N'5a19c4df-c4de-4e5a-9190-3eb003a5ec9e' WHERE ID = 'ea9bdee4-64eb-493d-9e38-8e80fac3cfc9'

                                           if @@rowcount = 0
                                           begin
                                                  INSERT INTO S_LANGUAGE_OBJECT_VALUE(ID, OBJECT_ID, LANGUAGE_ID, VALUE, RECORD_ID, ITEM_ID) VALUES(N'ea9bdee4-64eb-493d-9e38-8e80fac3cfc9', N'b4ad29d9-3a81-4aad-82dc-a45f4cfbf282', N'2dad38f9-a30c-4c69-9c8f-c3a74c20fdf1', N'Write-off Accrued Moratorium Interest', N'3bb80e66-1d76-4226-ba7e-8312f64eace5', N'5a19c4df-c4de-4e5a-9190-3eb003a5ec9e')
                                           end
                                        commit tran

INSERT INTO S_VIEW_TAB_ITEM_ACTION(ACTION_ID, ON_EVENT, PARAMETERS, ITEM_INDEX, FUNCTION_ID, ITEM_ID) VALUES(N'82af22c2-a899-4ef1-8910-a3d66d35386c', N'BLUR', N'''PWMORINT'','''',''N2''', null, N'289f70a1-0e9c-4adf-8a38-b206b7c44c22', N'3bb80e66-1d76-4226-ba7e-8312f64eace5')

INSERT INTO S_VIEW_TAB_ITEM_ACTION(ACTION_ID, ON_EVENT, PARAMETERS, ITEM_INDEX, FUNCTION_ID, ITEM_ID) VALUES(N'9b945833-ec36-4db8-b1df-c6269571cbcb', N'KEYPRESS', N''''',''N2'',true', null, N'61a7ab44-7d5e-4eef-95b0-2916417f11e1', N'3bb80e66-1d76-4226-ba7e-8312f64eace5')

begin tran
                                           UPDATE S_LANGUAGE_OBJECT_VALUE SET ID=N'f627d8bb-6a79-48d1-a4ba-3f6b39cddc63', OBJECT_ID=N'b4ad29d9-3a81-4aad-82dc-a45f4cfbf282', LANGUAGE_ID=N'2dad38f9-a30c-4c69-9c8f-c3a74c20fdf1', VALUE=N'Write-off Advance Payment', RECORD_ID=N'97425f9c-ab2d-44ac-9ff8-309f59d18ddf', ITEM_ID=N'5a19c4df-c4de-4e5a-9190-3eb003a5ec9e' WHERE ID = 'f627d8bb-6a79-48d1-a4ba-3f6b39cddc63'

                                           if @@rowcount = 0
                                           begin
                                                  INSERT INTO S_LANGUAGE_OBJECT_VALUE(ID, OBJECT_ID, LANGUAGE_ID, VALUE, RECORD_ID, ITEM_ID) VALUES(N'f627d8bb-6a79-48d1-a4ba-3f6b39cddc63', N'b4ad29d9-3a81-4aad-82dc-a45f4cfbf282', N'2dad38f9-a30c-4c69-9c8f-c3a74c20fdf1', N'Write-off Advance Payment', N'97425f9c-ab2d-44ac-9ff8-309f59d18ddf', N'5a19c4df-c4de-4e5a-9190-3eb003a5ec9e')
                                           end
                                        commit tran

INSERT INTO S_VIEW_TAB_ITEM_ACTION(ACTION_ID, ON_EVENT, PARAMETERS, ITEM_INDEX, FUNCTION_ID, ITEM_ID) VALUES(N'dfbcb88f-63a4-4198-9d02-9c09eb1aca64', N'KEYPRESS', N''''',''N2'',true', null, N'61a7ab44-7d5e-4eef-95b0-2916417f11e1', N'97425f9c-ab2d-44ac-9ff8-309f59d18ddf')

INSERT INTO S_VIEW_TAB_ITEM_ACTION(ACTION_ID, ON_EVENT, PARAMETERS, ITEM_INDEX, FUNCTION_ID, ITEM_ID) VALUES(N'b5f1b414-7a5d-4c7a-957e-e497c4b468bd', N'BLUR', N'''PWADVPMT'','''',''N2''', null, N'289f70a1-0e9c-4adf-8a38-b206b7c44c22', N'97425f9c-ab2d-44ac-9ff8-309f59d18ddf')

begin tran
                                           UPDATE S_LANGUAGE_OBJECT_VALUE SET ID=N'f16288bd-ee18-4f4d-8af6-92403c7de4dc', OBJECT_ID=N'b4ad29d9-3a81-4aad-82dc-a45f4cfbf282', LANGUAGE_ID=N'2dad38f9-a30c-4c69-9c8f-c3a74c20fdf1', VALUE=N'Write-off Total Outstanding', RECORD_ID=N'b9c5f3ce-4425-4462-90d6-4477bf5c54ae', ITEM_ID=N'5a19c4df-c4de-4e5a-9190-3eb003a5ec9e' WHERE ID = 'f16288bd-ee18-4f4d-8af6-92403c7de4dc'

                                           if @@rowcount = 0
                                           begin
                                                  INSERT INTO S_LANGUAGE_OBJECT_VALUE(ID, OBJECT_ID, LANGUAGE_ID, VALUE, RECORD_ID, ITEM_ID) VALUES(N'f16288bd-ee18-4f4d-8af6-92403c7de4dc', N'b4ad29d9-3a81-4aad-82dc-a45f4cfbf282', N'2dad38f9-a30c-4c69-9c8f-c3a74c20fdf1', N'Write-off Total Outstanding', N'b9c5f3ce-4425-4462-90d6-4477bf5c54ae', N'5a19c4df-c4de-4e5a-9190-3eb003a5ec9e')
                                           end
                                        commit tran

INSERT INTO S_VIEW_TAB_ITEM_ACTION(ACTION_ID, ON_EVENT, PARAMETERS, ITEM_INDEX, FUNCTION_ID, ITEM_ID) VALUES(N'2828c53d-d4ad-4c5e-90d1-99db6aebb1dd', N'BLUR', N'''PWCURPO'','''',''N2''', null, N'289f70a1-0e9c-4adf-8a38-b206b7c44c22', N'b9c5f3ce-4425-4462-90d6-4477bf5c54ae')

INSERT INTO S_VIEW_TAB_ITEM_ACTION(ACTION_ID, ON_EVENT, PARAMETERS, ITEM_INDEX, FUNCTION_ID, ITEM_ID) VALUES(N'8749f5fd-71f0-4907-9f62-ce350299adc1', N'KEYPRESS', N''''',''N2'',true', null, N'61a7ab44-7d5e-4eef-95b0-2916417f11e1', N'b9c5f3ce-4425-4462-90d6-4477bf5c54ae')

begin tran
                                           UPDATE S_LANGUAGE_OBJECT_VALUE SET ID=N'0e3b3752-003a-4aeb-825b-9764d579524f', OBJECT_ID=N'b4ad29d9-3a81-4aad-82dc-a45f4cfbf282', LANGUAGE_ID=N'2dad38f9-a30c-4c69-9c8f-c3a74c20fdf1', VALUE=N'Write-off Date', RECORD_ID=N'c0059766-24f7-4f8c-98ee-dce1e2c49d8c', ITEM_ID=N'5a19c4df-c4de-4e5a-9190-3eb003a5ec9e' WHERE ID = '0e3b3752-003a-4aeb-825b-9764d579524f'

                                           if @@rowcount = 0
                                           begin
                                                  INSERT INTO S_LANGUAGE_OBJECT_VALUE(ID, OBJECT_ID, LANGUAGE_ID, VALUE, RECORD_ID, ITEM_ID) VALUES(N'0e3b3752-003a-4aeb-825b-9764d579524f', N'b4ad29d9-3a81-4aad-82dc-a45f4cfbf282', N'2dad38f9-a30c-4c69-9c8f-c3a74c20fdf1', N'Write-off Date', N'c0059766-24f7-4f8c-98ee-dce1e2c49d8c', N'5a19c4df-c4de-4e5a-9190-3eb003a5ec9e')
                                           end
                                        commit tran

INSERT INTO S_VIEW_TAB_ITEM_ACTION(ACTION_ID, ON_EVENT, PARAMETERS, ITEM_INDEX, FUNCTION_ID, ITEM_ID) VALUES(N'bc4469f3-24d1-416b-8229-536af7f75f94', N'BLUR', N'''PWDT8'',''PWDT8D''', null, N'5a53c2ae-f74c-4929-9a38-9e370354bdcc', N'c0059766-24f7-4f8c-98ee-dce1e2c49d8c')

INSERT INTO S_VIEW_TAB_ITEM_ACTION(ACTION_ID, ON_EVENT, PARAMETERS, ITEM_INDEX, FUNCTION_ID, ITEM_ID) VALUES(N'e7046ea1-8437-401b-8902-7c606bc444fa', N'onValidate', null, N'0', N'50b0df13-b9ba-4d2c-880e-afb14f85f3b6', N'c0059766-24f7-4f8c-98ee-dce1e2c49d8c')

INSERT INTO S_VIEW_TAB_ITEM_ACTION(ACTION_ID, ON_EVENT, PARAMETERS, ITEM_INDEX, FUNCTION_ID, ITEM_ID) VALUES(N'c4abab25-6a21-4f79-b408-90cc2cd31233', N'KEYDOWN', N'''PWDT8''', null, N'54a90287-6268-4915-8e09-e3902be3bc13', N'c0059766-24f7-4f8c-98ee-dce1e2c49d8c')

INSERT INTO S_VIEW_TAB_ITEM_ACTION(ACTION_ID, ON_EVENT, PARAMETERS, ITEM_INDEX, FUNCTION_ID, ITEM_ID) VALUES(N'a54711ac-6218-4c48-9de9-50a5fa52d26b', N'CLICK', N'''PWDT8''', null, N'c7da4ceb-7af9-4567-8afe-b1abf6eb3df8', N'f4fee22d-91d0-4b6e-9007-fa08f8fb9caa')

begin tran
                                           UPDATE S_LANGUAGE_OBJECT_VALUE SET ID=N'5042db17-a57c-4abe-becf-39bb9fce4b4b', OBJECT_ID=N'1b564ee5-d300-4a05-a43d-fd425d6bacbf', LANGUAGE_ID=N'2dad38f9-a30c-4c69-9c8f-c3a74c20fdf1', VALUE=N'Delete', RECORD_ID=N'12241d32-db85-4d89-ad84-2c73b21811ea', ITEM_ID=N'87713001-97b8-40e1-8c86-26ae0aab27e1' WHERE ID = '5042db17-a57c-4abe-becf-39bb9fce4b4b'

                                           if @@rowcount = 0
                                           begin
                                                  INSERT INTO S_LANGUAGE_OBJECT_VALUE(ID, OBJECT_ID, LANGUAGE_ID, VALUE, RECORD_ID, ITEM_ID) VALUES(N'5042db17-a57c-4abe-becf-39bb9fce4b4b', N'1b564ee5-d300-4a05-a43d-fd425d6bacbf', N'2dad38f9-a30c-4c69-9c8f-c3a74c20fdf1', N'Delete', N'12241d32-db85-4d89-ad84-2c73b21811ea', N'87713001-97b8-40e1-8c86-26ae0aab27e1')
                                           end
                                        commit tran

begin tran
                                           UPDATE S_LANGUAGE_OBJECT_VALUE SET ID=N'c8d576ba-531a-439b-9687-e9991e4be4bd', OBJECT_ID=N'1b564ee5-d300-4a05-a43d-fd425d6bacbf', LANGUAGE_ID=N'2dad38f9-a30c-4c69-9c8f-c3a74c20fdf1', VALUE=N'Mnt Log', RECORD_ID=N'c7f7e708-38e2-48f8-83d4-6132a70b935b', ITEM_ID=N'87713001-97b8-40e1-8c86-26ae0aab27e1' WHERE ID = 'c8d576ba-531a-439b-9687-e9991e4be4bd'

                                           if @@rowcount = 0
                                           begin
                                                  INSERT INTO S_LANGUAGE_OBJECT_VALUE(ID, OBJECT_ID, LANGUAGE_ID, VALUE, RECORD_ID, ITEM_ID) VALUES(N'c8d576ba-531a-439b-9687-e9991e4be4bd', N'1b564ee5-d300-4a05-a43d-fd425d6bacbf', N'2dad38f9-a30c-4c69-9c8f-c3a74c20fdf1', N'Mnt Log', N'c7f7e708-38e2-48f8-83d4-6132a70b935b', N'87713001-97b8-40e1-8c86-26ae0aab27e1')
                                           end
                                        commit tran

begin tran
                                           UPDATE S_LANGUAGE_OBJECT_VALUE SET ID=N'e9ec7020-eadd-4f19-acaa-60c3184f0862', OBJECT_ID=N'1b564ee5-d300-4a05-a43d-fd425d6bacbf', LANGUAGE_ID=N'2dad38f9-a30c-4c69-9c8f-c3a74c20fdf1', VALUE=N'Save', RECORD_ID=N'aa3d43b0-58cb-4362-88e1-77525c4fc5da', ITEM_ID=N'87713001-97b8-40e1-8c86-26ae0aab27e1' WHERE ID = 'e9ec7020-eadd-4f19-acaa-60c3184f0862'

                                           if @@rowcount = 0
                                           begin
                                                  INSERT INTO S_LANGUAGE_OBJECT_VALUE(ID, OBJECT_ID, LANGUAGE_ID, VALUE, RECORD_ID, ITEM_ID) VALUES(N'e9ec7020-eadd-4f19-acaa-60c3184f0862', N'1b564ee5-d300-4a05-a43d-fd425d6bacbf', N'2dad38f9-a30c-4c69-9c8f-c3a74c20fdf1', N'Save', N'aa3d43b0-58cb-4362-88e1-77525c4fc5da', N'87713001-97b8-40e1-8c86-26ae0aab27e1')
                                           end
                                        commit tran

begin tran
                                           UPDATE S_LANGUAGE_OBJECT_VALUE SET ID=N'15ec7536-960f-4a98-9255-2a1ff3827c44', OBJECT_ID=N'1b564ee5-d300-4a05-a43d-fd425d6bacbf', LANGUAGE_ID=N'2dad38f9-a30c-4c69-9c8f-c3a74c20fdf1', VALUE=N'Save', RECORD_ID=N'44f3e107-ba38-482a-946f-b9feb84b8d8e', ITEM_ID=N'87713001-97b8-40e1-8c86-26ae0aab27e1' WHERE ID = '15ec7536-960f-4a98-9255-2a1ff3827c44'

                                           if @@rowcount = 0
                                           begin
                                                  INSERT INTO S_LANGUAGE_OBJECT_VALUE(ID, OBJECT_ID, LANGUAGE_ID, VALUE, RECORD_ID, ITEM_ID) VALUES(N'15ec7536-960f-4a98-9255-2a1ff3827c44', N'1b564ee5-d300-4a05-a43d-fd425d6bacbf', N'2dad38f9-a30c-4c69-9c8f-c3a74c20fdf1', N'Save', N'44f3e107-ba38-482a-946f-b9feb84b8d8e', N'87713001-97b8-40e1-8c86-26ae0aab27e1')
                                           end
                                        commit tran

begin tran
                                           UPDATE S_LANGUAGE_OBJECT_VALUE SET ID=N'd7014910-c78c-4b3a-848b-e1b6644364c6', OBJECT_ID=N'1b564ee5-d300-4a05-a43d-fd425d6bacbf', LANGUAGE_ID=N'2dad38f9-a30c-4c69-9c8f-c3a74c20fdf1', VALUE=N'Back', RECORD_ID=N'75062ac5-1708-46bf-8340-c60c9f3380e0', ITEM_ID=N'87713001-97b8-40e1-8c86-26ae0aab27e1' WHERE ID = 'd7014910-c78c-4b3a-848b-e1b6644364c6'

                                           if @@rowcount = 0
                                           begin
                                                  INSERT INTO S_LANGUAGE_OBJECT_VALUE(ID, OBJECT_ID, LANGUAGE_ID, VALUE, RECORD_ID, ITEM_ID) VALUES(N'd7014910-c78c-4b3a-848b-e1b6644364c6', N'1b564ee5-d300-4a05-a43d-fd425d6bacbf', N'2dad38f9-a30c-4c69-9c8f-c3a74c20fdf1', N'Back', N'75062ac5-1708-46bf-8340-c60c9f3380e0', N'87713001-97b8-40e1-8c86-26ae0aab27e1')
                                           end
                                        commit tran

  COMMIT
PRINT 'Import completed successfully'
  BREAK
END
